<?xml version="1.0" encoding="UTF-8"?>
<!-- TRACE < DEBUG < INFO < WARN < ERROR < FATAL -->
<Configuration>
    <Appenders>
        <Console name="console" target="SYSTEM_OUT">
            <PatternLayout pattern="%d %5p [%c] %m%n" />
        </Console>
        
        <!-- 파일로그 어팬더 추가 -->
		 <RollingFile name="file" fileName="d:/logs/CniApp/cni.log" filePattern="d:/logs/CniApp/cni.%d{yyyy-MM-dd}.%i.log" append="false">
   			<PatternLayout pattern="%d %5p [%c] %m%n" />
			<Policies>
				<!-- <TimeBasedTriggeringPolicy interval="1" modulate="true"/> -->
				<!-- size="5MB" 로그파일 용량 설정, 초과시 넘버링 됨, size 단위: Byte(default), KB, MB, or GB-->
				<SizeBasedTriggeringPolicy size="5MB" />
			</Policies>
			<!-- max="1000"  로그파일갯수 설정, 0~ 1000개, 초과시 더이상 생성 안됨 -->
			<DefaultRolloverStrategy max="1000" fileIndex="max"/>
		</RollingFile>
    </Appenders>
    
    <Loggers>
        <Logger name="java.sql" level="DEBUG" additivity="false">
            <AppenderRef ref="console" />
            <AppenderRef ref="file" />
        </Logger>
        <Logger name="egovframework" level="DEBUG" additivity="false">
            <AppenderRef ref="console" />
            <AppenderRef ref="file" />
        </Logger>
          <!-- log SQL with timing information, post execution -->
        <Logger name="jdbc.sqltiming" level="DEBUG" additivity="false">
            <AppenderRef ref="console" />
        </Logger>
        <Logger name="org.springframework" level="DEBUG" additivity="false">
            <AppenderRef ref="console" />
            <AppenderRef ref="file" />
        </Logger>
        <Root level="DEBUG">
            <AppenderRef ref="console" />
            <AppenderRef ref="file" />
        </Root>
    </Loggers>
</Configuration>
