<?xml version="1.0" encoding="UTF-8"?>
<!DOCTYPE sqlMap PUBLIC "-//iBATIS.com//DTD SQL Map 2.0//EN" "http://www.ibatis.com/dtd/sql-map-2.dtd">

<sqlMap namespace="cni">

    <typeAlias alias="hmap" type="java.util.HashMap"/>
    <typeAlias alias="string" type="java.lang.String"/>
    
    <!-- 공통 : 지역정보 (use_yn = Y) -->
    <select id="getCommUseRegionList" parameterClass="hmap" resultClass="hmap">
        SELECT code_id AS region_cd, code_nm AS region_nm, order_seq FROM code_info
        WHERE
            parent_id = 'REGION_CD'
            AND use_yn = 'Y'
            <isNotNull property="searchRegionCode">AND code_id = #searchRegionCode#</isNotNull>
            <isNotNull property="searchNetCode">AND code_id in (select region_cd from tms_info where net_cd = #searchNetCode# and use_yn = 'Y')</isNotNull>
        ORDER BY region_nm
    </select>
    <!-- 공통 : 사용자별 측정소정보 -->
    <select id="getCommUseTmsList" parameterClass="hmap" resultClass="hmap">
        SELECT A.tms_cd, A.tms_nm, A.addr, A.xpos, A.ypos, A.lat, A.lng, b.code_id, b.code_nm
        FROM tms_info A, code_info B
        WHERE
            A.use_yn = 'Y'
            <isNotNull property="searchRegionCode">AND A.region_cd = #searchRegionCode#</isNotNull>
            <isNotNull property="searchNetCode">
                <isEqual property="searchNetCode" compareValue="A">AND A.net_cd IN ('A', 'B', 'D')</isEqual>
                <isEqual property="searchNetCode" compareValue="C">AND A.net_cd = 'C'</isEqual>
            </isNotNull>
            <isNotNull property="searchTmsCode">AND A.tms_cd = #searchTmsCode#</isNotNull>
            AND B.parent_id = 'NET_CD'
            AND B.use_yn = 'Y'
            AND A.net_cd = B.code_id
        ORDER BY
            A.tms_nm
    </select>
    <!-- 공통 : 측정항목정보 -->
    <select id="getCommItemList" parameterClass="hmap" resultClass="hmap">
        SELECT *
        FROM item_info
        WHERE use_yn = 'Y'
            <isNotNull property="searchItemCode">AND item_cd = #searchItemCode#</isNotNull>
        ORDER BY
            order_seq
    </select>
    <!-- 공통 : 측정소별 항목정보 -->
    <select id="getCommUseItemList" parameterClass="hmap" resultClass="hmap">
        SELECT a.item_cd, b.item_nm, a.order_seq
        FROM tms_item_map a
        JOIN item_info b
        ON b.use_yn = 'Y' AND a.item_cd = b.item_cd
        WHERE a.tms_cd = #tms_cd#
        ORDER BY a.order_seq
    </select>
    <!-- 공통 : 코드정보 (use_yn = Y) -->
    <select id="getCommCodeList" parameterClass="hmap" resultClass="hmap">
        SELECT code_id, code_nm
        FROM code_info
        WHERE
            parent_id = #parent_id#
            AND use_yn = 'Y'
        ORDER BY
            code_nm
    </select>
    <!-- 공통 : 항목범위정보 (use_yn = Y) -->
    <select id="getCommLevelList" parameterClass="hmap" resultClass="hmap">
        SELECT A.LEVEL_CD, A.L_VL, A.H_VL, B.code_nm
        FROM LEVEL_INFO A, code_info B
        WHERE
            A.use_yn = 'Y'
            AND A.item_cd = #searchItemCode#
            <isNotEmpty property="searchLevelType">AND A.LEVEL_TYPE = #searchLevelType#</isNotEmpty>
            <isEmpty property="searchLevelType">AND A.LEVEL_TYPE = 'LEVEL'</isEmpty>
            AND A.level_cd = B.code_id AND parent_id = 'LEVEL_CD'
        ORDER BY
            A.level_cd
    </select>
    
    <select id="getTmsNM" parameterClass="hmap" resultClass="string">
    	select tms_nm from tms_info where tms_cd = #searchTmsCode#
    </select>
    <!-- 최종확정자료 마지막 날짜 -->
    <!-- <select id="getConfirmDateInfo" parameterClass="hmap" resultClass="hmap">
        SELECT MAX(confirm_dt) AS CONFIRM_DT FROM confirm_info
    </select> -->
    <select id="getConfirmDateInfo" parameterClass="hmap" resultClass="hmap">
        SELECT NVL(MAX(msr_dt), to_char(sysdate, 'yyyymmddhh24')||'00') AS CONFIRM_DT FROM data_final WHERE use_yn = 'Y'
    </select>
    
    <!-- 메인 : 팝업  > kang -->
    <select id="getPopup" resultClass="hmap">
		select title, content
		from (
		    select ROW_NUMBER() OVER (ORDER BY nvl(mod_dt, reg_dt) desc) rn, title, content
		    from notice_list
		    where board_type = 'P'
		        and use_yn = 'Y'
		        and to_char(sysdate, 'yyyymmdd') between s_dt and e_dt
		)
		where rn = 1    
    </select>
    
    <!-- 메인 : 베너 방문자수  > kang -->
    <select id="getVisitCnt" resultClass="hmap">
		<!-- select ci.content_group, ci.content_nm, ci.uri, ci.order_seq, count(distinct vl.session_id) visit_cnt, count(vl.session_id) hit_cnt
		    , sum(case when vl.user_agent = 'Mobile' then 1 else 0 end) mobile_cnt
		    , sum(case when vl.user_agent = 'Mobile' then 0 else 1 end) pc_cnt
		from content_info ci
		left join visit_list vl
		on ci.uri = vl.uri and vl.visit_dt > (CURRENT_TIMESTAMP - 14)
		where ci.uri = '/cni/main.do'
		group by ci.content_group, ci.content_nm, ci.uri, ci.order_seq
		order by order_seq -->
		select nvl(sum(tot_visit_cnt), 0) tot_visit_cnt, nvl(sum(day_visit_cnt), 0) day_visit_cnt
		from (
		    select count(distinct session_id) tot_visit_cnt
		        , (select count(distinct session_id) visit_cnt2 from visit_list where uri = '/cni/main.do' and visit_dt > to_date(to_char(SYSDATE, 'YYYYMMDD')||'000000', 'YYYYMMDDHH24MISS')) day_visit_cnt
		    from visit_list
		    where uri = '/cni/main.do'
		    group by uri
		) 
    </select>
    
    <!-- 메인 : 날씨정보 > FN_GETDIRECTION 추가 > kang-->
    <select id="getMainForecastInfo" parameterClass="hmap" resultClass="hmap">
        <isNotEmpty property="tms_cd">
            SELECT
                FN_GETDATEFORMAT(dsp_dt) dsp_dt
                , MAX(CASE ITEM_CD WHEN 'TMP' THEN MSR_VL ELSE '-' END) tih_vl
                , MAX(CASE ITEM_CD WHEN 'HUM' THEN MSR_VL ELSE '-' END) reh_vl
                , MAX(CASE ITEM_CD WHEN 'DIR' THEN FN_GETDIRECTION(MSR_VL) ELSE '-' END) vec_vl
                , MAX(CASE ITEM_CD WHEN 'SPD' THEN MSR_VL ELSE '-' END) wsd_vl
            FROM
                data_h
            WHERE
                tms_cd = #tms_cd#
                AND item_cd IN ('SPD','DIR','HUM','TMP')
                AND msr_dt = (
                    SELECT MAX(msr_dt)
                    FROM data_h
                    WHERE
                        tms_cd = #tms_cd#
                		AND dsp_dt > TO_CHAR(SYSDATE - INTERVAL '2' HOUR, 'YYYYMMDDHH24MI')
                    )
            GROUP BY
                dsp_dt
        </isNotEmpty>
        <isEmpty property="tms_cd">
            select
	            FN_GETDATEFORMAT(msr_dt) dsp_dt
	            , max(tih_vl) tih_vl
	            , max(reh_vl) reh_vl
	            , max(vec_vl) vec_vl
	            , max(wsd_vl) wsd_vl
	        from (
	            select msr_dt, item_cd
	                , decode(item_cd, 'T1H', msr_vl, '') tih_vl
	                , decode(item_cd, 'REH', msr_vl, '') reh_vl
	                , decode(item_cd, 'VEC', FN_GETDIRECTION(msr_vl), '') vec_vl
	                , decode(item_cd, 'WSD', msr_vl, '') wsd_vl
	            from weather_list
	            where msr_dt = (select max(msr_dt) from weather_list where msr_dt > to_char(sysdate - interval '2' hour, 'YYYYMMDDHH24MI'))
	        )
	        group by msr_dt
        </isEmpty>
    </select>
    
    <!-- 지도 : 측정소 마커 목록 -->
    <select id="getMapMakerList" parameterClass="hmap" resultClass="hmap">
        SELECT
            ti.region_cd,
            ti.tms_cd,
            ti.tms_nm,
            ti.net_cd,
            ti.xpos,
            ti.ypos,
            ti.xpos_detail,
            ti.ypos_detail,
            nvl(da.msr_vl, '-') msr_vl,
            nvl(da.level_cd, '-') level_cd
        FROM
            tms_info ti
            LEFT JOIN (
                SELECT
                    dn.tms_cd,
                    <isEqual property="searchItemCode" compareValue="CAI">MAX(da.ai_vl) AS msr_vl, MAX(da.ai_lv) AS level_cd</isEqual>
                    <isNotEqual property="searchItemCode" compareValue="CAI">MAX(da.msr_vl) AS msr_vl, MAX(da.level_cd) AS level_cd</isNotEqual>
                FROM
                    data_now   dn
                    <isEqual property="searchItemCode" compareValue="CAI">LEFT JOIN data_ai da</isEqual>
                    <isNotEqual property="searchItemCode" compareValue="CAI">LEFT JOIN data_h da</isNotEqual>
                        ON dn.tms_cd = da.tms_cd
                        AND dn.dsp_dt = da.dsp_dt
                        AND da.item_cd = #searchItemCode#
                WHERE
                    dn.data_type = 'H'
                    <isNotEqual property="searchItemCode" compareValue="CAI">AND dn.item_cd = #searchItemCode#</isNotEqual>
                    AND dn.dsp_dt > to_char(sysdate - 2 / 24, 'YYYYMMDDHH24MI')
                GROUP BY
                    dn.tms_cd
            ) da ON ti.tms_cd = da.tms_cd
        WHERE
            ti.use_yn = 'Y'
            <isNotNull property="searchRegionCode">AND ti.region_cd in ( #searchRegionCode# )</isNotNull>
            <isNotNull property="searchRegionCodeArr">AND ti.region_cd in
                <iterate  property="searchRegionCodeArr" open="(" close=")" conjunction=",">
                    #searchRegionCodeArr[]#
                </iterate>
            </isNotNull>
        ORDER BY
            ti.region_cd,
            da.level_cd DESC
    </select>
    
    
    <!-- 지도 : 측정소 상세 값 -->
    <select id="getTmsDetailInfo" parameterClass="hmap" resultClass="hmap">
        SELECT
            it.item_nm,
            it.item_cd,
            it.unit,
            it.description,
            da.msr_vl,
            da.avg_24,
            da.level_cd,
            ci.code_nm
        FROM
            data_now   dn
            LEFT JOIN data_h da ON dn.tms_cd = da.tms_cd AND dn.dsp_dt = da.dsp_dt AND dn.item_cd = da.item_cd AND da.status_cd = '0' AND da.level_cd != 'X'
            INNER JOIN item_info it ON USE_YN = 'Y' AND da.item_cd = it.item_cd
            LEFT JOIN code_info ci ON ci.parent_id = 'LEVEL_CD' AND da.level_cd = ci.code_id 
        WHERE
            dn.data_type = 'H'
            AND dn.dsp_dt > to_char(sysdate - 2 / 24, 'YYYYMMDDHH24MI')
            AND dn.tms_cd = #searchTmsCode#
        ORDER BY
            it.item_nm
    </select>
    
    
    <!-- 메인 : 게시판목록 -->
    <select id="getMainBbsList" parameterClass="hmap" resultClass="hmap">
        SELECT
            null AS id
            , warning_nm AS type_name
            , '[' || fn_getItemNM(item_cd) || '] ' || tms_nm || '측정소' AS title
            ,TO_CHAR(TO_DATE(warning_dt, 'YYYY-MM-DD HH24:MI'), 'MM/DD HH24') || '시' AS dt
        FROM (
            SELECT
                ti.region_cd
                , fn_getCodeNM('REGION_CD', ti.region_cd) region_nm
                , dh.tms_cd
                , fn_getTmsNM(dh.tms_cd) tms_nm
                , item_cd, msr_vl
                  , dh.warning_cd
                  , fn_getCodeNM('WARNING_CD', dh.warning_cd) warning_nm, fn_getDateFormat(fn_getDspDT(dh.dsp_dt)) warning_dt, dh.dsp_dt
                  , (
                      SELECT x.warning_cd||'|'||fn_getDateFormat(fn_getDspDT(x.dsp_dt)) reset_dt
                      FROM (
                        SELECT
                            x.dsp_dt, x.warning_cd, rownum rn
                           FROM data_h x
                           WHERE
                               x.tms_cd = dh.tms_cd 
                               and x.dsp_dt > dh.dsp_dt 
                               and x.item_cd = dh.item_cd 
                               and x.warning_cd in ('A', 'B', 'C', 'D') 
                           order by x.dsp_dt
                      ) x
                      WHERE rn = 1  
                  ) reset_dt
                  ,rownum as rnum
            FROM data_h dh
                JOIN tms_info ti ON dh.tms_cd = ti.tms_cd 
            WHERE
                1 = 1
                  AND dh.dsp_dt > TO_CHAR(SYSDATE - INTERVAL '1' HOUR, 'YYYYMMDDHH24') and dh.status_cd = '0'
                  AND dh.item_cd in ('O3b', 'PMb', 'PM2') 
                  AND dh.warning_cd in ('B','C','D','E')
            ORDER BY
                dh.reg_dt desc 
        )
        WHERE rnum &lt;= 2
        
        UNION ALL
        
        SELECT
            id,
            type_name,
            title,
            dt
        FROM (
            SELECT
                seq AS id
                , '공지' AS type_name
                , title
                , TO_CHAR(reg_dt, 'MM/DD') AS dt
                , ROWNUM AS rnum
            FROM notice_list
            WHERE
                use_yn = 'Y'
                AND board_type = 'N'
                AND TO_CHAR(SYSDATE, 'YYYYMMDD') BETWEEN S_DT AND E_DT
            ORDER BY
                REG_DT DESC
        )
        WHERE rnum &lt;= 2
    </select>
    
    
    <!-- 메인팝업 : 테이블데이터 -->
    <select id="getMainPopTableData" parameterClass="hmap" resultClass="hmap">
        SELECT
            ti.tms_nm,
            ti.addr,
            da.msr_vl,
            da.avg_24,
            da.level_cd
        FROM
            tms_info ti
            LEFT JOIN data_now dn
                ON dn.tms_cd = ti.tms_cd
                AND dn.data_type = 'H'
                AND dn.dsp_dt > to_char(sysdate - 2 / 24, 'YYYYMMDDHH24MI')
                AND dn.item_cd = #searchItemCode#
                AND dn.status_cd = '0'
                AND dn.level_cd != 'X'
            LEFT JOIN data_h da
                ON dn.tms_cd = da.tms_cd
                AND dn.dsp_dt = da.dsp_dt
                AND dn.item_cd = da.item_cd
                AND da.status_cd = '0'
                AND da.level_cd != 'X'
        WHERE
            ti.tms_cd = #searchTmsCode#
            
    </select>
    
    <!-- 메인팝업 : 차트데이터 -->
    <select id="getMainPopChartData" parameterClass="hmap" resultClass="hmap">
        SELECT
            TO_CHAR(TO_DATE(dt.dsp_dt, 'YYYYMMDDHH24MI'), 'YYYY.MM.DD HH24') AS dsp_dt,
            da.msr_vl AS msr_vl,
            da.level_cd AS level_cd
        FROM
            (
                SELECT
                    ROWNUM rn,
                    TO_CHAR(TO_DATE(TO_CHAR(SYSDATE - INTERVAL '24' HOUR, 'YYYYMMDDHH24'), 'yyyymmddhh24') +(ROWNUM- 1) / 24, 'YYYYMMDDHH24') AS dsp_dt
                FROM
                    dual
                CONNECT BY
                    ROWNUM &lt;= TO_NUMBER(SYSDATE - TO_DATE(to_char(SYSDATE - INTERVAL '24' HOUR,'YYYYMMDDHH24'), 'yyyymmddhh24')) * 24 + 1
            ) dt
            LEFT JOIN data_h da
                ON da.dsp_dt BETWEEN dt.dsp_dt || '00' AND dt.dsp_dt || '59'
                AND da.tms_cd = #searchTmsCode#
                AND da.item_cd = #searchItemCode#
                AND da.status_cd = '0'
                AND da.level_cd != 'X'
        WHERE
            dt.rn != 1
        ORDER BY
            dt.dsp_dt
    </select>
    
    
    <!-- 실시간자료조회 : 측정자료 시간 -->
    <select id="getRealTownsHourData" parameterClass="hmap" resultClass="hmap" remapResults="true">
        SELECT
            dsp_dt,
            pmb_msr_vl,
            pmb_lvl_cd,
            ci1.code_nm AS pmb_lvl_nm,
            pm2_msr_vl,
            pm2_lvl_cd,
            ci2.code_nm AS pm2_lvl_nm,
            O3b_msr_vl,
            o3b_lvl_cd,
            ci3.code_nm AS o3b_lvl_nm,
            no2_msr_vl,
            no2_lvl_cd,
            ci4.code_nm AS no2_lvl_nm,
            cob_msr_vl,
            cob_lvl_cd,
            ci5.code_nm AS cob_lvl_nm,
            so2_msr_vl,
            so2_lvl_cd,
            ci6.code_nm AS so2_lvl_nm
            <isEqual property="type" compareValue="chart">
            ,cai_msr_vl
            ,(SELECT L_VL FROM level_info WHERE level_type = 'BASE' AND use_yn = 'Y' AND ITEM_CD = 'PMb') AS pmb_lvl_vl
            ,(SELECT L_VL FROM level_info WHERE level_type = 'BASE' AND use_yn = 'Y' AND ITEM_CD = 'PM2') AS pm2_lvl_vl
            ,(SELECT L_VL FROM level_info WHERE level_type = 'BASE' AND use_yn = 'Y' AND ITEM_CD = 'O3b') AS o3b_lvl_vl
            ,(SELECT L_VL FROM level_info WHERE level_type = 'BASE' AND use_yn = 'Y' AND ITEM_CD = 'NO2') AS no2_lvl_vl
            ,(SELECT L_VL FROM level_info WHERE level_type = 'BASE' AND use_yn = 'Y' AND ITEM_CD = 'COb') AS cob_lvl_vl
            ,(SELECT L_VL FROM level_info WHERE level_type = 'BASE' AND use_yn = 'Y' AND ITEM_CD = 'SO2') AS so2_lvl_vl
            </isEqual>
        FROM (
            SELECT
                TO_CHAR(TO_DATE(dt.dsp_dt, 'YYYYMMDDHH24MI'), 'YY-MM-DD HH24') AS dsp_dt,
                <isEqual property="type" compareValue="chart">
                MAX(da.ai_vl) AS cai_msr_vl,
                </isEqual>
                MAX(CASE WHEN dh.item_cd = 'PMb' THEN (CASE WHEN al.abnormal_yn = 'Y' THEN null ELSE dh.msr_vl END) END) AS pmb_msr_vl,
                MAX(CASE WHEN dh.item_cd = 'PMb' THEN (CASE WHEN al.abnormal_yn = 'Y' THEN null ELSE dh.level_cd END) END) AS pmb_lvl_cd,
                MAX(CASE WHEN dh.item_cd = 'PM2' THEN (CASE WHEN al.abnormal_yn = 'Y' THEN null ELSE dh.msr_vl END) END) AS pm2_msr_vl,
                MAX(CASE WHEN dh.item_cd = 'PM2' THEN (CASE WHEN al.abnormal_yn = 'Y' THEN null ELSE dh.level_cd END) END) AS pm2_lvl_cd,
                MAX(CASE WHEN dh.item_cd = 'O3b' THEN (CASE WHEN al.abnormal_yn = 'Y' THEN null ELSE dh.msr_vl END) END) AS O3b_msr_vl,
                MAX(CASE WHEN dh.item_cd = 'O3b' THEN (CASE WHEN al.abnormal_yn = 'Y' THEN null ELSE dh.level_cd END) END) AS o3b_lvl_cd,
                MAX(CASE WHEN dh.item_cd = 'NO2' THEN (CASE WHEN al.abnormal_yn = 'Y' THEN null ELSE dh.msr_vl END) END) AS no2_msr_vl,
                MAX(CASE WHEN dh.item_cd = 'NO2' THEN (CASE WHEN al.abnormal_yn = 'Y' THEN null ELSE dh.level_cd END) END) AS no2_lvl_cd,
                MAX(CASE WHEN dh.item_cd = 'COb' THEN (CASE WHEN al.abnormal_yn = 'Y' THEN null ELSE dh.msr_vl END) END) AS cob_msr_vl,
                MAX(CASE WHEN dh.item_cd = 'COb' THEN (CASE WHEN al.abnormal_yn = 'Y' THEN null ELSE dh.level_cd END) END) AS cob_lvl_cd,
                MAX(CASE WHEN dh.item_cd = 'SO2' THEN (CASE WHEN al.abnormal_yn = 'Y' THEN null ELSE dh.msr_vl END) END) AS so2_msr_vl,
                MAX(CASE WHEN dh.item_cd = 'SO2' THEN (CASE WHEN al.abnormal_yn = 'Y' THEN null ELSE dh.level_cd END) END) AS so2_lvl_cd
            FROM
                (
                    SELECT TO_CHAR(TO_DATE(#searchFromDate# || #searchFromTime#, 'yyyymmddhh24') + (LEVEL-1)/24, 'YYYYMMDDHH24') AS dsp_dt
                    FROM DUAL
                    CONNECT BY LEVEL &lt;= (TO_DATE(#searchToDate# || #searchToTime#, 'yyyymmddhh24') - TO_DATE(#searchFromDate# || #searchFromTime#, 'yyyymmddhh24'))*24+1
                ) dt
                LEFT JOIN data_h dh
                    ON dh.dsp_dt BETWEEN dt.dsp_dt || '00' AND dt.dsp_dt || '59'
                    AND dh.tms_cd = #searchTmsCode#
                    AND dh.item_cd IN ('PMb', 'PM2', 'O3b', 'NO2', 'COb', 'SO2')
                    AND dh.status_cd = 0
                    AND dh.level_cd != 'X'
                LEFT JOIN abnormal_list al
                    ON al.tms_cd = dh.tms_cd and al.item_cd = dh.item_cd and al.msr_dt = dh.msr_dt and al.abnormal_yn = 'Y'    
                <isEqual property="type" compareValue="chart">
                LEFT JOIN data_ai da
                    ON da.dsp_dt BETWEEN dt.dsp_dt || '00' AND dt.dsp_dt || '59'
                    AND da.tms_cd = #searchTmsCode#
                    AND da.item_cd = 'CAI'
                </isEqual>
            GROUP BY dt.dsp_dt
        )T1
        LEFT JOIN code_info ci1 ON ci1.parent_id = 'LEVEL_CD' AND ci1.code_id = T1.pmb_lvl_cd
        LEFT JOIN code_info ci2 ON ci2.parent_id = 'LEVEL_CD' AND ci2.code_id = T1.pm2_lvl_cd
        LEFT JOIN code_info ci3 ON ci3.parent_id = 'LEVEL_CD' AND ci3.code_id = T1.o3b_lvl_cd
        LEFT JOIN code_info ci4 ON ci4.parent_id = 'LEVEL_CD' AND ci4.code_id = T1.no2_lvl_cd
        LEFT JOIN code_info ci5 ON ci5.parent_id = 'LEVEL_CD' AND ci5.code_id = T1.cob_lvl_cd
        LEFT JOIN code_info ci6 ON ci6.parent_id = 'LEVEL_CD' AND ci6.code_id = T1.so2_lvl_cd
        ORDER BY
            dsp_dt
    </select>
    
    <!-- 실시간자료조회 : 측정자료 일평균 -->
    <select id="getRealTownsDateData" parameterClass="hmap" resultClass="hmap" remapResults="true">
        SELECT
            dsp_dt,
            ROUND(AVG(pmb_msr_vl),0) AS pmb_msr_vl,
            ROUND(AVG(pm2_msr_vl),0) AS pm2_msr_vl,
            ROUND(AVG(O3b_msr_vl),3) AS O3b_msr_vl,
            ROUND(AVG(no2_msr_vl),3) AS no2_msr_vl,
            ROUND(AVG(cob_msr_vl),1) AS cob_msr_vl,
            ROUND(AVG(so2_msr_vl),3) AS so2_msr_vl
            <isEqual property="type" compareValue="chart">
            ,ROUND(AVG(cai_msr_vl),2) AS cai_msr_vl
            ,(SELECT L_VL FROM level_info WHERE level_type = 'BASE' AND use_yn = 'Y' AND ITEM_CD = 'PMb') AS pmb_lvl_vl
            ,(SELECT L_VL FROM level_info WHERE level_type = 'BASE' AND use_yn = 'Y' AND ITEM_CD = 'PM2') AS pm2_lvl_vl
            ,(SELECT L_VL FROM level_info WHERE level_type = 'BASE' AND use_yn = 'Y' AND ITEM_CD = 'O3b') AS o3b_lvl_vl
            ,(SELECT L_VL FROM level_info WHERE level_type = 'BASE' AND use_yn = 'Y' AND ITEM_CD = 'NO2') AS no2_lvl_vl
            ,(SELECT L_VL FROM level_info WHERE level_type = 'BASE' AND use_yn = 'Y' AND ITEM_CD = 'COb') AS cob_lvl_vl
            ,(SELECT L_VL FROM level_info WHERE level_type = 'BASE' AND use_yn = 'Y' AND ITEM_CD = 'SO2') AS so2_lvl_vl
            </isEqual>
        FROM (
            SELECT
                TO_CHAR(TO_DATE(dt.dsp_dt, 'YYYYMMDDHH24'), 'YY-MM-DD') AS dsp_dt,
                <isEqual property="type" compareValue="chart">
                da.ai_vl AS cai_msr_vl,
                </isEqual>
                <!-- (CASE WHEN dh.item_cd = 'PMb' THEN dh.msr_vl END) AS pmb_msr_vl,
                (CASE WHEN dh.item_cd = 'PM2' THEN dh.msr_vl END) AS pm2_msr_vl,
                (CASE WHEN dh.item_cd = 'O3b' THEN dh.msr_vl END) AS O3b_msr_vl,
                (CASE WHEN dh.item_cd = 'NO2' THEN dh.msr_vl END) AS no2_msr_vl,
                (CASE WHEN dh.item_cd = 'COb' THEN dh.msr_vl END) AS cob_msr_vl,
                (CASE WHEN dh.item_cd = 'SO2' THEN dh.msr_vl END) AS so2_msr_vl -->
                (CASE WHEN dh.item_cd = 'PMb' THEN (CASE WHEN al.abnormal_yn = 'Y' THEN null ELSE dh.msr_vl END) END) AS pmb_msr_vl,
                (CASE WHEN dh.item_cd = 'PM2' THEN (CASE WHEN al.abnormal_yn = 'Y' THEN null ELSE dh.msr_vl END) END) AS pm2_msr_vl,
                (CASE WHEN dh.item_cd = 'O3b' THEN (CASE WHEN al.abnormal_yn = 'Y' THEN null ELSE dh.msr_vl END) END) AS O3b_msr_vl,
                (CASE WHEN dh.item_cd = 'NO2' THEN (CASE WHEN al.abnormal_yn = 'Y' THEN null ELSE dh.msr_vl END) END) AS no2_msr_vl,
                (CASE WHEN dh.item_cd = 'COb' THEN (CASE WHEN al.abnormal_yn = 'Y' THEN null ELSE dh.msr_vl END) END) AS cob_msr_vl,
                (CASE WHEN dh.item_cd = 'SO2' THEN (CASE WHEN al.abnormal_yn = 'Y' THEN null ELSE dh.msr_vl END) END) AS so2_msr_vl
            FROM
                (
                    SELECT TO_CHAR(TO_DATE(#searchFromDate# || '00', 'yyyymmddhh24') + (LEVEL-1)/24, 'YYYYMMDDHH24') AS dsp_dt
                    FROM DUAL
                    CONNECT BY LEVEL &lt;= (TO_DATE(#searchToDate# || '23', 'yyyymmddhh24') - TO_DATE(#searchFromDate# || '00', 'yyyymmddhh24'))*24+1
                ) dt
                LEFT JOIN data_h dh
                    ON dh.dsp_dt BETWEEN dt.dsp_dt || '00' AND dt.dsp_dt || '59'
                    AND dh.tms_cd = #searchTmsCode#
                    AND dh.item_cd IN ('PMb', 'PM2', 'O3b', 'NO2', 'COb', 'SO2')
                    AND dh.status_cd = 0
                    AND dh.level_cd != 'X'
                 LEFT JOIN abnormal_list al
                    ON al.tms_cd = dh.tms_cd and al.item_cd = dh.item_cd and al.msr_dt = dh.msr_dt and al.abnormal_yn = 'Y'        
                <isEqual property="type" compareValue="chart">
                LEFT JOIN data_ai da
                    ON da.dsp_dt BETWEEN dt.dsp_dt || '00' AND dt.dsp_dt || '59'
                    AND da.tms_cd = #searchTmsCode#
                    AND da.item_cd = 'CAI'
                </isEqual>
        ) T1
        GROUP BY
            dsp_dt
        ORDER BY
            dsp_dt
    </select>
    
    <!-- 실시간자료조회 : 통합대기 시간 -->
    <select id="getRealTownsCaiHourData" parameterClass="hmap" resultClass="hmap">
        SELECT
            dsp_dt,
            cai_msr_vl,
            cai_lvl_cd,
            ii.item_nm AS bad_item_nm,
            ci0.code_nm AS cai_lvl_nm,
            pmb_msr_vl,
            pmb_lvl_cd,
            ci1.code_nm AS pmb_lvl_nm,
            pm2_msr_vl,
            pm2_lvl_cd,
            ci2.code_nm AS pm2_lvl_nm,
            O3b_msr_vl,
            o3b_lvl_cd,
            ci3.code_nm AS o3b_lvl_nm,
            no2_msr_vl,
            no2_lvl_cd,
            ci4.code_nm AS no2_lvl_nm,
            cob_msr_vl,
            cob_lvl_cd,
            ci5.code_nm AS cob_lvl_nm,
            so2_msr_vl,
            so2_lvl_cd,
            ci6.code_nm AS so2_lvl_nm
        FROM (
            SELECT
                TO_CHAR(TO_DATE(dt.dsp_dt, 'YYYYMMDDHH24MI'), 'YY-MM-DD HH24') AS dsp_dt,
                MAX(CASE WHEN da.item_cd = 'CAI' THEN da.ai_vl END) AS cai_msr_vl,
                MAX(CASE WHEN da.item_cd = 'CAI' THEN da.ai_lv END) AS cai_lvl_cd,
                MAX(CASE WHEN da.item_cd = 'CAI' THEN da.bad_item_cd END) AS bad_item_cd,
                MAX(CASE WHEN dh.item_cd = 'PMb' THEN dh.avg_24 END) AS pmb_msr_vl,
                MAX(CASE WHEN dh.item_cd = 'PMb' THEN dh.level_cd END) AS pmb_lvl_cd,
                MAX(CASE WHEN dh.item_cd = 'PM2' THEN dh.avg_24 END) AS pm2_msr_vl,
                MAX(CASE WHEN dh.item_cd = 'PM2' THEN dh.level_cd END) AS pm2_lvl_cd,
                MAX(CASE WHEN dh.item_cd = 'O3b' THEN dh.msr_vl END) AS O3b_msr_vl,
                MAX(CASE WHEN dh.item_cd = 'O3b' THEN dh.level_cd END) AS o3b_lvl_cd,
                MAX(CASE WHEN dh.item_cd = 'NO2' THEN dh.msr_vl END) AS no2_msr_vl,
                MAX(CASE WHEN dh.item_cd = 'NO2' THEN dh.level_cd END) AS no2_lvl_cd,
                MAX(CASE WHEN dh.item_cd = 'COb' THEN dh.msr_vl END) AS cob_msr_vl,
                MAX(CASE WHEN dh.item_cd = 'COb' THEN dh.level_cd END) AS cob_lvl_cd,
                MAX(CASE WHEN dh.item_cd = 'SO2' THEN dh.msr_vl END) AS so2_msr_vl,
                MAX(CASE WHEN dh.item_cd = 'SO2' THEN dh.level_cd END) AS so2_lvl_cd
            FROM
                (
                    SELECT TO_CHAR(TO_DATE(#searchFromDate# || #searchFromTime#, 'yyyymmddhh24') + (LEVEL-1)/24, 'YYYYMMDDHH24') AS dsp_dt
                    FROM DUAL
                    CONNECT BY LEVEL &lt;= (TO_DATE(#searchToDate# || #searchToTime#, 'yyyymmddhh24') - TO_DATE(#searchFromDate# || #searchFromTime#, 'yyyymmddhh24'))*24+1
                ) dt
                LEFT JOIN data_ai da
                    ON da.dsp_dt BETWEEN dt.dsp_dt || '00' AND dt.dsp_dt || '59'
                    AND da.tms_cd = #searchTmsCode#
                    AND da.item_cd = 'CAI'
                LEFT JOIN data_h dh
                    ON dh.dsp_dt BETWEEN dt.dsp_dt || '00' AND dt.dsp_dt || '59'
                    AND dh.tms_cd = #searchTmsCode#
                    AND dh.item_cd IN ('PMb', 'PM2', 'O3b', 'NO2', 'COb', 'SO2')
                    AND dh.status_cd = 0
                    AND dh.level_cd != 'X'
            GROUP BY dt.dsp_dt
        )T1
        LEFT JOIN item_info ii ON t1.bad_item_cd = ii.item_cd
        LEFT JOIN code_info ci0 ON ci0.parent_id = 'LEVEL_CD' AND ci0.code_id = T1.cai_lvl_cd
        LEFT JOIN code_info ci1 ON ci1.parent_id = 'LEVEL_CD' AND ci1.code_id = T1.pmb_lvl_cd
        LEFT JOIN code_info ci2 ON ci2.parent_id = 'LEVEL_CD' AND ci2.code_id = T1.pm2_lvl_cd
        LEFT JOIN code_info ci3 ON ci3.parent_id = 'LEVEL_CD' AND ci3.code_id = T1.o3b_lvl_cd
        LEFT JOIN code_info ci4 ON ci4.parent_id = 'LEVEL_CD' AND ci4.code_id = T1.no2_lvl_cd
        LEFT JOIN code_info ci5 ON ci5.parent_id = 'LEVEL_CD' AND ci5.code_id = T1.cob_lvl_cd
        LEFT JOIN code_info ci6 ON ci6.parent_id = 'LEVEL_CD' AND ci6.code_id = T1.so2_lvl_cd
        ORDER BY
            dsp_dt
    </select>
    
    <!-- 실시간자료조회 : 통합대기 일평균 -->
    <select id="getRealTownsCaiDateData" parameterClass="hmap" resultClass="hmap">
        SELECT
            dsp_dt,
            ROUND(AVG(cai_msr_vl),0) AS cai_msr_vl,
            ROUND(AVG(pmb_msr_vl),0) AS pmb_msr_vl,
            ROUND(AVG(pm2_msr_vl),0) AS pm2_msr_vl,
            ROUND(AVG(O3b_msr_vl),3) AS O3b_msr_vl,
            ROUND(AVG(no2_msr_vl),3) AS no2_msr_vl,
            ROUND(AVG(cob_msr_vl),1) AS cob_msr_vl,
            ROUND(AVG(so2_msr_vl),3) AS so2_msr_vl
        FROM (
            SELECT
                TO_CHAR(TO_DATE(dt.dsp_dt, 'YYYYMMDDHH24'), 'YY-MM-DD') AS dsp_dt,
                (CASE WHEN da.item_cd = 'CAI' THEN da.ai_vl END) AS cai_msr_vl,
                (CASE WHEN da.item_cd = 'PMb' THEN da.ai_vl END) AS pmb_msr_vl,
                (CASE WHEN da.item_cd = 'PM2' THEN da.ai_vl END) AS pm2_msr_vl,
                (CASE WHEN dh.item_cd = 'O3b' THEN dh.msr_vl END) AS O3b_msr_vl,
                (CASE WHEN dh.item_cd = 'NO2' THEN dh.msr_vl END) AS no2_msr_vl,
                (CASE WHEN dh.item_cd = 'COb' THEN dh.msr_vl END) AS cob_msr_vl,
                (CASE WHEN dh.item_cd = 'SO2' THEN dh.msr_vl END) AS so2_msr_vl
            FROM
                (
                    SELECT TO_CHAR(TO_DATE(#searchFromDate# || '00', 'yyyymmddhh24') + (LEVEL-1)/24, 'YYYYMMDDHH24') AS dsp_dt
                    FROM DUAL
                    CONNECT BY LEVEL &lt;= (TO_DATE(#searchToDate# || '23', 'yyyymmddhh24') - TO_DATE(#searchFromDate# || '00', 'yyyymmddhh24'))*24+1
            ) dt
            LEFT JOIN data_ai da
                ON da.dsp_dt BETWEEN dt.dsp_dt || '00' AND dt.dsp_dt || '59'
                AND da.tms_cd = #searchTmsCode#
                AND da.item_cd = 'CAI'
            LEFT JOIN data_h dh
                ON dh.dsp_dt BETWEEN dt.dsp_dt || '00' AND dt.dsp_dt || '59'
                AND dh.tms_cd = #searchTmsCode#
                AND dh.item_cd IN ('PMb', 'PM2', 'O3b', 'NO2', 'COb', 'SO2')
                AND dh.status_cd = 0
                AND dh.level_cd != 'X'
        ) T1
        GROUP BY
            dsp_dt
        ORDER BY
            dsp_dt
    </select>
    
    
    <!-- 실시간자료조회 : 기상자료조회 : 시간 -->
    <select id="getRealForecastHourData" parameterClass="hmap" resultClass="hmap">
        SELECT
            dsp_dt,
            spd_msr_vl,
            dir_msr_vl,
            hum_msr_vl,
            tmp_msr_vl
        FROM
            (
                SELECT
                    to_char(to_date(dt.dsp_dt, 'YYYYMMDDHH24MI'), 'YY-MM-DD HH24') AS dsp_dt,
                    MAX(CASE WHEN dh.item_cd = 'SPD' THEN dh.msr_vl END) AS spd_msr_vl,
                    MAX(CASE WHEN dh.item_cd = 'DIR' AND dh.msr_vl IS NOT NULL THEN FN_GETDIRECTION(dh.msr_vl) || '(' || dh.msr_vl || ')' END) AS dir_msr_vl,
                    MAX(CASE WHEN dh.item_cd = 'HUM' THEN dh.msr_vl END) AS hum_msr_vl,
                    MAX(CASE WHEN dh.item_cd = 'TMP' THEN dh.msr_vl END) AS tmp_msr_vl
                FROM
                    (
                        SELECT
                            to_char(to_date(#searchFromDate# || #searchFromTime#, 'yyyymmddhh24') +(level - 1) / 24, 'YYYYMMDDHH24') AS dsp_dt
                        FROM
                            dual
                        CONNECT BY
                            level &lt;= ( to_date(#searchToDate# || #searchToTime#, 'yyyymmddhh24') - to_date(#searchFromDate# || #searchFromTime#, 'yyyymmddhh24') ) * 24 + 1
                    ) dt
                LEFT JOIN data_h dh
                    ON dh.dsp_dt BETWEEN dt.dsp_dt || '00' AND dt.dsp_dt || '59'
                        AND dh.tms_cd = #searchTmsCode#
                        AND dh.item_cd IN ('SPD','DIR','HUM','TMP')
                GROUP BY
                    dt.dsp_dt
            ) T1
        ORDER BY
            dsp_dt
    </select>
    
    
    <!-- 실시간자료조회 : 시군별 대기정보 테이블 : 당일 -->
    <select id="getRealCitiesTableDayData" parameterClass="hmap" resultClass="hmap">
        SELECT
            <iterate property="searchRegionMulti" conjunction=",">ROUND(AVG(CASE WHEN R$searchRegionMulti[]$_AVG IS NOT NULL THEN R$searchRegionMulti[]$_AVG END), #searchValidChiper#) AS R$searchRegionMulti[]$</iterate>
        FROM (
            SELECT
            <iterate property="searchRegionMulti" conjunction=",">NVL(ROUND((R$searchRegionMulti[]$ + LAG(AVG(R$searchRegionMulti[]$), 1) OVER (ORDER BY dsp_dt)) / 2, #searchValidChiper#), R$searchRegionMulti[]$) AS R$searchRegionMulti[]$_AVG</iterate>
            FROM (
                SELECT
                        dh.region_cd
                        ,dh.msr_vl
                        ,dt.dsp_dt
                    FROM
                        (
                            SELECT TO_CHAR(TO_DATE(TO_CHAR(SYSDATE, 'YYYYMMDD') || '00', 'yyyymmddhh24') + (LEVEL-1)/24, 'YYYYMMDDHH24') AS dsp_dt
                            FROM DUAL
                            CONNECT BY LEVEL &lt;= (TO_DATE(TO_CHAR(SYSDATE-1/24, 'YYYYMMDDHH24'), 'yyyymmddhh24') - TO_DATE(TO_CHAR(SYSDATE, 'YYYYMMDD') || '00', 'yyyymmddhh24'))*24+1
                        ) dt
                        LEFT JOIN (
                            SELECT
                                ti.region_cd,
                                da.dsp_dt,
                                da.msr_vl
                            FROM
                                data_h da, tms_info ti
                            WHERE
                                da.item_cd = #searchItemCode#
                                AND da.status_cd = 0
                                AND da.level_cd != 'X'
                                AND da.tms_cd = ti.tms_cd
                                AND da.dsp_dt BETWEEN TO_CHAR(SYSDATE, 'YYYYMMDD') || '0000' AND TO_CHAR(SYSDATE-1/24, 'YYYYMMDDHH24') || '59'
                        ) dh ON dh.dsp_dt BETWEEN dt.dsp_dt || '00' AND dt.dsp_dt || '59'
                    ORDER BY
                        dh.region_cd, dt.dsp_dt
            ) T1
            PIVOT (
                MAX(msr_vl) FOR region_cd IN
                <iterate property="searchRegionMulti" open="(" close=")" conjunction=",">$searchRegionMulti[]$ AS R$searchRegionMulti[]$</iterate>
            )
            GROUP BY dsp_dt,
            <iterate property="searchRegionMulti" conjunction=",">R$searchRegionMulti[]$</iterate>
        ) T3
        
        UNION ALL
        
        SELECT
            <iterate property="searchRegionMulti" conjunction=",">ROUND(AVG(R$searchRegionMulti[]$),#searchValidChiper#) AS R$searchRegionMulti[]$</iterate>
        FROM (
            SELECT
                <iterate property="searchRegionMulti" conjunction=",">R$searchRegionMulti[]$</iterate>
            FROM (
                SELECT
                        dh.region_cd
                        ,dh.msr_vl
                        ,dt.dsp_dt
                    FROM
                        (
                            SELECT TO_CHAR(TO_DATE(TO_CHAR(SYSDATE, 'YYYYMMDD') || '00', 'yyyymmddhh24') + (LEVEL-1)/24, 'YYYYMMDDHH24') AS dsp_dt
                            FROM DUAL
                            CONNECT BY LEVEL &lt;= (TO_DATE(TO_CHAR(SYSDATE-1/24, 'YYYYMMDDHH24'), 'yyyymmddhh24') - TO_DATE(TO_CHAR(SYSDATE, 'YYYYMMDD') || '00', 'yyyymmddhh24'))*24+1
                        ) dt
                        LEFT JOIN (
                            SELECT
                                ti.region_cd,
                                da.dsp_dt,
                                da.msr_vl
                            FROM
                                data_h da, tms_info ti
                            WHERE
                                da.item_cd = #searchItemCode#
                                AND da.status_cd = 0
                                AND da.level_cd != 'X'
                                AND da.tms_cd = ti.tms_cd
                                AND da.dsp_dt BETWEEN TO_CHAR(SYSDATE, 'YYYYMMDD') || '0000' AND TO_CHAR(SYSDATE-1/24, 'YYYYMMDDHH24') || '59'
                        ) dh ON dh.dsp_dt BETWEEN dt.dsp_dt || '00' AND dt.dsp_dt || '59'
                    ORDER BY
                        dh.region_cd, dt.dsp_dt
            ) T1
            PIVOT (
                MAX(msr_vl) FOR region_cd IN
                <iterate property="searchRegionMulti" open="(" close=")" conjunction=",">$searchRegionMulti[]$ AS R$searchRegionMulti[]$</iterate>
            )
            GROUP BY dsp_dt,
            <iterate property="searchRegionMulti" conjunction=",">R$searchRegionMulti[]$</iterate>
        ) T3
        
        UNION ALL
        
        SELECT
            <iterate property="searchRegionMulti" conjunction=",">MAX(R$searchRegionMulti[]$) AS R$searchRegionMulti[]$</iterate>
        FROM (
            SELECT
                <iterate property="searchRegionMulti" conjunction=",">TO_NUMBER(R$searchRegionMulti[]$) AS R$searchRegionMulti[]$</iterate>
            FROM (
                SELECT
                    ti.region_cd,
                    da.dsp_dt,
                    da.msr_vl
                FROM
                    data_h da, tms_info ti
                WHERE
                    da.item_cd = #searchItemCode#
                    AND da.status_cd = 0
                    AND da.level_cd != 'X'
                    AND da.tms_cd = ti.tms_cd
                    AND da.dsp_dt BETWEEN TO_CHAR(SYSDATE, 'YYYYMMDD') || '0000' AND TO_CHAR(SYSDATE-1/24, 'YYYYMMDDHH24') || '59'
            ) T1
            PIVOT (
                MAX(msr_vl) FOR region_cd IN
                <iterate property="searchRegionMulti" open="(" close=")" conjunction=",">$searchRegionMulti[]$ AS R$searchRegionMulti[]$</iterate>
            )
        ) T3
        
        UNION ALL
        
        SELECT
            <iterate property="searchRegionMulti" conjunction=",">MIN(R$searchRegionMulti[]$) AS R$searchRegionMulti[]$</iterate>
        FROM (
            SELECT
                <iterate property="searchRegionMulti" conjunction=",">TO_NUMBER(R$searchRegionMulti[]$) AS R$searchRegionMulti[]$</iterate>
            FROM (
                SELECT
                    ti.region_cd,
                    da.dsp_dt,
                    da.msr_vl
                FROM
                    data_h da, tms_info ti
                WHERE
                    da.item_cd = #searchItemCode#
                    AND da.status_cd = 0
                    AND da.level_cd != 'X'
                    AND da.tms_cd = ti.tms_cd
                    AND da.dsp_dt BETWEEN TO_CHAR(SYSDATE, 'YYYYMMDD') || '0000' AND TO_CHAR(SYSDATE-1/24, 'YYYYMMDDHH24') || '59'
            ) T1
            PIVOT (
                MAX(msr_vl) FOR region_cd IN
                <iterate property="searchRegionMulti" open="(" close=")" conjunction=",">$searchRegionMulti[]$ AS R$searchRegionMulti[]$</iterate>
            )
            GROUP BY
            <iterate property="searchRegionMulti" conjunction=",">R$searchRegionMulti[]$</iterate>
        ) T3
    </select>
    
    
    <!-- 실시간자료조회 : 시군별 대기정보 : 당일 : 측정소별 -->
    <select id="getRealCitiesChartData" parameterClass="hmap" resultClass="hmap">
        SELECT
            ti.tms_nm,
            da.msr_vl,
            li.l_vl
        FROM
            tms_info ti
            LEFT JOIN data_h da
                ON da.dsp_dt BETWEEN TO_CHAR(SYSDATE - 1/24, 'YYYYMMDDHH24') || '00' AND TO_CHAR(SYSDATE - 1/24, 'YYYYMMDDHH24') || '59'
                AND da.status_cd = '0'
                AND da.level_cd != 'X'
                AND da.item_cd = #searchItemCode#
                AND da.tms_cd = ti.tms_cd
            LEFT JOIN
                level_info li ON li.item_cd = 'PMb' AND li.level_type = 'BASE' AND li.use_yn = 'Y'
        WHERE
            ti.USE_YN = 'Y'
            AND ti.region_cd = #searchRegionCode#
    </select>
    
    
    <!-- 실시간자료조회 : 시군별 대기정보 : 7일간 : 측정소별 -->
    <select id="getRealCities7DaysData" parameterClass="hmap" resultClass="hmap">
        SELECT
            dsp_dt,
            <iterate property="searchRegionMulti" conjunction=",">ROUND(AVG(R$searchRegionMulti[]$),0) AS R$searchRegionMulti[]$</iterate>
        FROM (
            SELECT
                TO_CHAR(TO_DATE(dsp_dt, 'YYYYMMDDHH24MI'), 'YYYY-MM-DD') AS dsp_dt,
                <iterate property="searchRegionMulti" conjunction=",">R$searchRegionMulti[]$</iterate>
            FROM (
                SELECT
                    dh.region_cd
                    ,dh.msr_vl
                    ,dt.dsp_dt
                FROM
                    (
                        SELECT TO_CHAR(TO_DATE(TO_CHAR(SYSDATE-6, 'YYYYMMDD') || '00', 'yyyymmddhh24') + (LEVEL-1)/24, 'YYYYMMDDHH24') AS dsp_dt
                        FROM DUAL
                        CONNECT BY LEVEL &lt;= (TO_DATE(TO_CHAR(SYSDATE-1/24, 'YYYYMMDDHH24'), 'yyyymmddhh24') - TO_DATE(TO_CHAR(SYSDATE-6, 'YYYYMMDD') || '00', 'yyyymmddhh24'))*24+1
                    ) dt
                    LEFT JOIN (
                        SELECT
                            ti.region_cd,
                            da.dsp_dt,
                            da.msr_vl
                        FROM
                            tms_info ti 
                        LEFT JOIN data_h da ON 
                            da.item_cd = #searchItemCode#
                            AND da.status_cd = 0
                            AND da.level_cd != 'X'
                            AND da.tms_cd = ti.tms_cd
                            AND da.dsp_dt BETWEEN TO_CHAR(SYSDATE-6, 'YYYYMMDD') || '0000' AND TO_CHAR(SYSDATE-1/24, 'YYYYMMDDHH24') || '59'
                    ) dh ON dh.dsp_dt = dt.dsp_dt || '00'
                ORDER BY dh.region_cd, dt.dsp_dt
            ) T1
            PIVOT (
                MAX(msr_vl) FOR region_cd IN
                <iterate property="searchRegionMulti" open="(" close=")" conjunction=",">$searchRegionMulti[]$ AS R$searchRegionMulti[]$</iterate>
            )
        ) T3
        GROUP BY dsp_dt
        ORDER BY dsp_dt
    </select>
    
    
    <!-- 실시간자료조회 : 시군별 대기정보 : 월간  -->
    <select id="getRealCitiesMonthData" parameterClass="hmap" resultClass="hmap">
        select * from (
            select
                TO_CHAR(TO_DATE(a.dsp_day, 'YYYYMMDDHH24MI'), 'YYYY-MM-DD') AS  dsp_day
                , region_cd
                , avg_msr
            from (
                select to_char(to_date(#searchMonthDate# || '01', 'yyyymmdd') + (rownum-1), 'yyyymmdd') as dsp_day from dual
                connect by rownum &lt;= to_char(last_day(to_date(#searchMonthDate#, 'yyyymm')), 'dd')
            ) a
            left join (
                select
                    region_cd
                    , dsp_day
                    , case when item_cd in ('PMb', 'PM2') then round(avg(msr_vl))
                           when item_cd = 'COb' then round(avg(msr_vl), 1)
                           else round(avg(msr_vl), 3)
                           end avg_msr
                from (
                    select
                        a.region_cd
                        , a.tms_cd, b.item_cd
                        , substr(b.dsp_dt, 1, 8) dsp_day
                        , b.dsp_dt
                        , b.msr_vl+0 msr_vl
                    from tms_info a
                    join data_h b
                        on a.tms_cd = b.tms_cd 
                        AND b.item_cd = #searchItemCode#
                        AND b.dsp_dt like #searchMonthDate# || '%'
                        AND b.status_cd = '0'
                        and b.level_cd != 'X'    
                    where a.use_yn = 'Y'
                ) 
                group by item_cd, region_cd, dsp_day
            ) b
            on a.dsp_day = b.dsp_day
        order by region_cd, dsp_day
        )
        pivot (
            sum(avg_msr) for region_cd in
            <iterate property="searchRegionMulti" open="(" close=")" conjunction=",">$searchRegionMulti[]$ AS R$searchRegionMulti[]$</iterate>
        )
        order by dsp_day
    </select>
    
    <!-- 실시간자료조회 : 시군별대기정보 : 당일 팝업-->
    <select id="getRealCitisDayPopData" parameterClass="hmap" resultClass="hmap">
        WITH DATA_TB AS (
            SELECT
                da.dsp_dt,
                da.msr_vl,
                da.tms_cd
            FROM
                data_h da
            WHERE
                da.item_cd = #searchItemCode#
                AND da.status_cd = 0
                AND da.level_cd != 'X'
                AND da.dsp_dt BETWEEN #searchMonthDate# || '010000' AND TO_CHAR(LAST_DAY(to_date(#searchMonthDate#, 'yyyymm')), 'dd') || '2359'
                AND da.tms_cd IN (SELECT tms_cd FROM tms_info WHERE region_cd = #searchRegionCode# AND use_yn = 'Y')
        )
        
        SELECT
            '시간평균' AS tms_nm,
            ROUND(max_msr_vl, 0) AS max_msr_vl,
            ROUND(min_msr_vl, 0) AS min_msr_vl,
            ROUND(avg_msr_vl, 0) AS avg_msr_vl,
            <iterate property="searchTimeArr" conjunction=",">ROUND(d$searchTimeArr[]$, 0) AS d$searchTimeArr[]$</iterate>
        FROM (
            SELECT
                dsp_dt,
                msr_vl,
                MAX(msr_vl) OVER() AS max_msr_vl,
                MIN(msr_vl) OVER() AS min_msr_vl,
                AVG(msr_vl) OVER() AS avg_msr_vl
            FROM (
                SELECT
                    dsp_dt,
                    msr_vl
                FROM (
                    SELECT
                        SUBSTR(data_tb.dsp_dt, 9, 2) AS dsp_dt,
                        AVG(data_tb.msr_vl) AS msr_vl
                    FROM
                        tms_info ti
                        LEFT JOIN DATA_TB data_tb ON data_tb.tms_cd = ti.tms_cd
                    WHERE
                        ti.region_cd = #searchRegionCode#
                    GROUP BY
                        SUBSTR(data_tb.dsp_dt, 9, 2)
                ) T2
            ) T3
        ) T4
        PIVOT (
            MAX(msr_vl) FOR dsp_dt IN
            <iterate property="searchTimeArr" open="(" close=")" conjunction=",">$searchTimeArr[]$ AS d$searchTimeArr[]$</iterate>
        )P
        
        UNION ALL
        
        SELECT
            '일평균' AS tms_nm,
            max_msr_vl,
            min_msr_vl,
            ROUND(avg_msr_vl, 0) AS avg_msr_vl,
            <iterate property="searchTimeArr" conjunction=",">d$searchTimeArr[]$</iterate>
        FROM (
            SELECT
                dsp_dt,
                msr_vl,
                MAX(msr_vl) OVER() AS max_msr_vl,
                MIN(msr_vl) OVER() AS min_msr_vl,
                AVG(msr_vl) OVER() AS avg_msr_vl
            FROM (
                SELECT
                    dsp_dt,
                    NVL(ROUND((msr_vl + LAG(AVG(msr_vl), 1) OVER (ORDER BY dsp_dt)) / 2, 0), msr_vl) AS msr_vl
                FROM (
                    SELECT
                        SUBSTR(data_tb.dsp_dt, 9, 2) AS dsp_dt,
                        AVG(data_tb.msr_vl) AS msr_vl
                    FROM
                        tms_info ti
                        LEFT JOIN DATA_TB data_tb ON data_tb.tms_cd = ti.tms_cd
                    WHERE
                        ti.region_cd = #searchRegionCode#
                    GROUP BY
                        SUBSTR(data_tb.dsp_dt, 9, 2)
                ) T2
                GROUP BY 
                    dsp_dt,
                    msr_vl
            ) T3
        ) T4
        PIVOT (
            MAX(msr_vl) FOR dsp_dt IN
            <iterate property="searchTimeArr" open="(" close=")" conjunction=",">$searchTimeArr[]$ AS d$searchTimeArr[]$</iterate>
        )P
        
        UNION ALL
        
        SELECT  
            P.tms_nm,
            max_msr_vl,
            min_msr_vl,
            ROUND(avg_msr_vl, 0) AS avg_msr_vl,
            <iterate property="searchTimeArr" conjunction=",">ROUND(d$searchTimeArr[]$, 0) AS d$searchTimeArr[]$</iterate>
        FROM (
            SELECT
                tms_nm,
                tms_cd,
                dsp_dt,
                msr_vl,
                MAX(msr_vl+0) OVER(PARTITION BY tms_cd) AS max_msr_vl,
                MIN(msr_vl+0) OVER(PARTITION BY tms_cd) AS min_msr_vl,
                AVG(msr_vl+0) OVER(PARTITION BY tms_cd) AS avg_msr_vl
            FROM (
               SELECT
                    ti.tms_cd,
                    ti.tms_nm,
                    SUBSTR(data_tb.dsp_dt, 9, 2) AS dsp_dt,
                    ROUND(AVG(data_tb.msr_vl+0), 0) AS msr_vl
                FROM
                    tms_info ti
                    LEFT JOIN DATA_TB data_tb ON data_tb.tms_cd = ti.tms_cd
                WHERE
                    ti.region_cd = #searchRegionCode#
            GROUP BY
                ti.tms_cd,
                ti.tms_nm,
                SUBSTR(data_tb.dsp_dt, 9, 2)
            ) T
        ) T2
        PIVOT (
            AVG(msr_vl) FOR dsp_dt IN
            <iterate property="searchTimeArr" open="(" close=")" conjunction=",">$searchTimeArr[]$ AS d$searchTimeArr[]$</iterate>
        ) P
    </select>
    
    
    <!-- 실시간자료조회 : 시군별대기정보 : 7일간 / 월간 팝업-->
    <select id="getRealCitisPopData" parameterClass="hmap" resultClass="hmap">
        WITH DATA_TB AS(
            SELECT
                SUBSTR(da.dsp_dt, 0, 8) AS dsp_dt,
                da.msr_vl,
                da.tms_cd
            FROM
                data_h da
            WHERE
                da.item_cd = #searchItemCode#
                AND da.status_cd = 0
                AND da.level_cd != 'X'
                AND da.tms_cd IN (SELECT tms_cd FROM tms_info WHERE region_cd = #searchRegionCode# AND use_yn = 'Y')
                <isEqual property="searchDataType" compareValue="7days">
                    AND da.dsp_dt BETWEEN TO_CHAR(SYSDATE-6, 'YYYYMMDD') || '0000' AND TO_CHAR(SYSDATE-1/24, 'YYYYMMDDHH24') || '59'
                </isEqual>
                <isEqual property="searchDataType" compareValue="month">
                    AND da.dsp_dt BETWEEN #searchMonthDate# || '010000' AND #searchMonthDate# || TO_CHAR(LAST_DAY(TO_DATE(#searchMonthDate#, 'YYYYMM')), 'dd') || '2359'
                </isEqual>
        )
        <!-- 최대값 삭제 요청 20201208(msr_vl이 뮨자타입)
        SELECT
            tms_nm,
            <iterate property="searchMultiDays" conjunction=",">d$searchMultiDays[]$</iterate>
        FROM (
            SELECT
                '최대값' AS tms_nm,
                dsp_dt,
                tms_nm || '(' ||  max_msr_vl || ')' AS msr_vl
            FROM (
                SELECT
                    tms_nm,
                    dsp_dt,
                    max_msr_vl
                    ,LAG(max_msr_vl, 1) OVER (ORDER BY dsp_dt, ti.order_seq) AS prev_msr_vl
                    ,LAG(dsp_dt, 1) OVER (ORDER BY dsp_dt, ti.order_seq) AS prev_dsp_dt
                FROM (
                    SELECT
                        dsp_dt,
                        tms_cd,
                        msr_vl,
                        MAX(msr_vl) OVER(PARTITION BY dsp_dt) AS max_msr_vl
                    FROM DATA_TB T1
                )T2
                LEFT JOIN tms_info ti ON ti.tms_cd = T2.tms_cd
                WHERE msr_vl = max_msr_vl
                ORDER BY dsp_dt, ti.order_seq
            ) T3
            WHERE
                prev_dsp_dt IS NULL OR dsp_dt != prev_dsp_dt
        ) T3
        PIVOT (
            MAX(msr_vl) FOR dsp_dt IN
            <iterate property="searchMultiDays" open="(" close=")" conjunction=",">$searchMultiDays[]$ AS d$searchMultiDays[]$</iterate>
        ) P 
        
        UNION ALL
         -->
        SELECT 
            tms_nm,
            <iterate property="searchMultiDays" conjunction=",">TO_CHAR(ROUND(d$searchMultiDays[]$, #searchValidChiper#)) AS d$searchMultiDays[]$</iterate>
        FROM (
            SELECT
                ti.tms_nm,
                SUBSTR(data_tb.dsp_dt, 0, 8) AS dsp_dt,
                AVG(data_tb.msr_vl) AS msr_vl
            FROM
            
                tms_info ti
                LEFT JOIN DATA_TB data_tb ON ti.tms_cd = data_tb.tms_cd
            WHERE
                ti.region_cd = #searchRegionCode#
            GROUP BY
                SUBSTR(data_tb.dsp_dt, 0, 8),
                ti.tms_cd,
                ti.tms_nm
        )
        PIVOT (
            AVG(msr_vl) FOR dsp_dt IN
            <iterate property="searchMultiDays" open="(" close=")" conjunction=",">$searchMultiDays[]$ AS d$searchMultiDays[]$</iterate>
        ) P
    </select>
    
    
    <!-- 실시간자료조회 : 주간대기 분석정보 -->
    <select id="getRealWeekData" parameterClass="hmap" resultClass="hmap" remapResults="true">
        SELECT
            ti.tms_nm,
            cai_msr_vl,
            FN_GETLEVEL('CAI', cai_msr_vl) AS cai_lv_vl,
            pmb_msr_vl,
            FN_GETLEVEL('PMb', pmb_msr_vl) AS pmb_lv_vl,
            pm2_msr_vl,
            FN_GETLEVEL('PM2', pm2_msr_vl) AS pm2_lv_vl,
            o3b_msr_vl,
            FN_GETLEVEL('O3b', o3b_msr_vl) AS o3b_lv_vl,
            no2_msr_vl,
            FN_GETLEVEL('NO2', no2_msr_vl) AS no2_lv_vl,
            cob_msr_vl,
            FN_GETLEVEL('COb', cob_msr_vl) AS cob_lv_vl,
            so2_msr_vl,
            FN_GETLEVEL('SO2', so2_msr_vl) AS so2_lv_vl,
            cai_pre_msr_vl,
            FN_GETLEVEL('CAI', cai_pre_msr_vl) AS cai_pre_lv_vl,
            pmb_pre_msr_vl,
            FN_GETLEVEL('PMb', pmb_pre_msr_vl) AS pmb_pre_lv_vl,
            pm2_pre_msr_vl,
            FN_GETLEVEL('PM2', pm2_pre_msr_vl) AS pm2_pre_lv_vl,
            o3b_pre_msr_vl,
            FN_GETLEVEL('O3b', o3b_pre_msr_vl) AS o3b_pre_lv_vl,
            no2_pre_msr_vl,
            FN_GETLEVEL('NO2', no2_pre_msr_vl) AS no2_pre_lv_vl,
            cob_pre_msr_vl,
            FN_GETLEVEL('COb', cob_pre_msr_vl) AS cob_pre_lv_vl,
            so2_pre_msr_vl,
            FN_GETLEVEL('SO2', so2_pre_msr_vl) AS so2_pre_lv_vl
            <isNotEmpty property="excelName">
            ,FN_GETCODENM('LEVEL_CD', FN_GETLEVEL('CAI', cai_msr_vl)) AS cai_lv_nm
            ,FN_GETCODENM('LEVEL_CD', FN_GETLEVEL('PMb', pmb_msr_vl)) AS pmb_lv_nm
            ,FN_GETCODENM('LEVEL_CD', FN_GETLEVEL('PM2', pm2_msr_vl)) AS pm2_lv_nm
            ,FN_GETCODENM('LEVEL_CD', FN_GETLEVEL('O3b', o3b_msr_vl)) AS o3b_lv_nm
            ,FN_GETCODENM('LEVEL_CD', FN_GETLEVEL('NO2', no2_msr_vl)) AS no2_lv_nm
            ,FN_GETCODENM('LEVEL_CD', FN_GETLEVEL('COb', cob_msr_vl)) AS cob_lv_nm
            ,FN_GETCODENM('LEVEL_CD', FN_GETLEVEL('SO2', so2_msr_vl)) AS so2_lv_nm
            ,FN_GETCODENM('LEVEL_CD', FN_GETLEVEL('CAI', cai_pre_msr_vl)) AS cai_lv_nm
            ,FN_GETCODENM('LEVEL_CD', FN_GETLEVEL('PMb', pmb_pre_msr_vl)) AS pmb_lv_nm
            ,FN_GETCODENM('LEVEL_CD', FN_GETLEVEL('PM2', pm2_pre_msr_vl)) AS pm2_lv_nm
            ,FN_GETCODENM('LEVEL_CD', FN_GETLEVEL('O3b', o3b_pre_msr_vl)) AS o3b_lv_nm
            ,FN_GETCODENM('LEVEL_CD', FN_GETLEVEL('NO2', no2_pre_msr_vl)) AS no2_lv_nm
            ,FN_GETCODENM('LEVEL_CD', FN_GETLEVEL('COb', cob_pre_msr_vl)) AS cob_lv_nm
            ,FN_GETCODENM('LEVEL_CD', FN_GETLEVEL('SO2', so2_pre_msr_vl)) AS so2_lv_nm
            </isNotEmpty>
        FROM
            tms_info ti
        LEFT JOIN (
            select
                tms_cd
                , ROUND(AVG(CASE item_cd WHEN 'CAI' THEN msr_vl END), 0) AS cai_msr_vl
                , ROUND(AVG(CASE item_cd WHEN 'PMb' THEN msr_vl END), 0) AS pmb_msr_vl
                , ROUND(AVG(CASE item_cd WHEN 'PM2' THEN msr_vl END), 0) AS pm2_msr_vl
                , ROUND(AVG(CASE item_cd WHEN 'O3b' THEN msr_vl END), 3) AS o3b_msr_vl
                , ROUND(AVG(CASE item_cd WHEN 'NO2' THEN msr_vl END), 3) AS no2_msr_vl
                , ROUND(AVG(CASE item_cd WHEN 'COb' THEN msr_vl END), 1) AS cob_msr_vl
                , ROUND(AVG(CASE item_cd WHEN 'SO2' THEN msr_vl END), 3) AS so2_msr_vl
                , ROUND(AVG(CASE item_cd WHEN 'CAI' THEN pre_msr_vl END), 0) AS cai_pre_msr_vl
                , ROUND(AVG(CASE item_cd WHEN 'PMb' THEN pre_msr_vl END), 0) AS pmb_pre_msr_vl
                , ROUND(AVG(CASE item_cd WHEN 'PM2' THEN pre_msr_vl END), 0) AS pm2_pre_msr_vl
                , ROUND(AVG(CASE item_cd WHEN 'O3b' THEN pre_msr_vl END), 3) AS o3b_pre_msr_vl
                , ROUND(AVG(CASE item_cd WHEN 'NO2' THEN pre_msr_vl END), 3) AS no2_pre_msr_vl
                , ROUND(AVG(CASE item_cd WHEN 'COb' THEN pre_msr_vl END), 1) AS cob_pre_msr_vl
                , ROUND(AVG(CASE item_cd WHEN 'SO2' THEN pre_msr_vl END), 3) AS so2_pre_msr_vl
            from (
                select
                    dh.tms_cd
                    , dh.item_cd
                    , AVG(CASE WHEN dh.dsp_dt &lt; #searchFromDate# THEN msr_vl END) AS pre_msr_vl
                    , AVG(CASE WHEN dh.dsp_dt >= #searchFromDate# THEN msr_vl END) AS msr_vl
                from data_h dh
                WHERE
                    dh.status_cd = '0'
                    AND dh.level_cd != 'X'
                    and dh.dsp_dt between TO_CHAR(TO_DATE(#searchFromDate#, 'YYYYMMDD') - 7, 'YYYYMMDD') || '0000' AND TO_CHAR(TO_DATE(#searchFromDate#, 'YYYYMMDD') + 6, 'YYYYMMDD') || '2359'
                GROUP BY
                    dh.tms_cd
                    , dh.item_cd
                    
                UNION ALL
                
                SELECT
                    da.tms_cd
                    , da.item_cd
                    , AVG(CASE WHEN da.dsp_dt &lt; #searchFromDate# THEN ai_vl END) AS pre_cai_vl
                    , AVG(CASE WHEN da.dsp_dt >= #searchFromDate# THEN ai_vl END) AS cai_vl
                FROM
                    data_ai da
                WHERE
                    da.item_cd = 'CAI'
                    AND da.dsp_dt between TO_CHAR(TO_DATE(#searchFromDate#, 'YYYYMMDD') - 7, 'YYYYMMDD') || '0000' AND TO_CHAR(TO_DATE(#searchFromDate#, 'YYYYMMDD') + 6, 'YYYYMMDD') || '2359'
                GROUP BY
                    da.tms_cd
                    , da.item_cd
            ) T1
            GROUP BY
                tms_cd
        ) T2 ON ti.tms_cd = T2.tms_cd
        WHERE
            1=1
            <isNotEmpty property="searchRegionCode">
            AND ti.region_cd = #searchRegionCode#
            </isNotEmpty>
        ORDER BY
            tms_nm
    </select>
        
    
    <!-- 대기 주의보경보 : 시군별 주의보경보 내역 -->
    <select id="getCitiesWarningData" parameterClass="hmap" resultClass="hmap">
        SELECT * FROM (
	        SELECT T2.*, ROWNUM AS RNUM  FROM (
	            select
	                region_cd, FN_GETCODENM('REGION_CD', region_cd) region_nm
	                , tms_cd
	                , tms_nm
	                , T1.item_cd
	                , it.item_nm
	                , substr(dsp_dt, 1,8) warning_day
	                , TO_CHAR(TO_DATE(dsp_dt, 'YYYYMMDDHH24MI'), 'YYYY-MM-DD HH24:MI') warning_dt
	                , msr_vl
	                , warning_cd 
	                , FN_GETCODENM('WARNING_CD', warning_cd) warning_nm
	                , TO_CHAR(TO_DATE(substr(reset_info, 1, 12), 'YYYYMMDDHH24MI'), 'YYYY-MM-DD HH24:MI') reset_dt
	                , substr(reset_info, 14) reset_vl
	                , substr(reset_info, 13, 1) reset_cd
	                , FN_GETCODENM('WARNING_CD', substr(reset_info, 13, 1)) reset_nm
	            from (
	                select a.region_cd, a.tms_cd, a.tms_nm, b.item_cd, b.dsp_dt, b.msr_vl, b.warning_cd
	                    , (select dsp_dt||warning_cd||msr_vl 
	                        from data_h x
	                        where x.tms_cd = a.tms_cd
	                            and x.item_cd = b.item_cd
	                            and x.dsp_dt > b.dsp_dt
	                            and x.status_cd = '0'
	                            and x.level_cd != 'X'
	                            and x.warning_cd != b.warning_cd
	                            and rownum = 1) reset_info
	                from tms_info a
	                join data_h b
	                on a.tms_cd = b.tms_cd 
	                    <isNotEmpty property="searchItemCode">AND b.item_cd = #searchItemCode#</isNotEmpty>
	                    <isEmpty property="searchItemCode">
	                      AND b.item_cd IN
	                      <iterate property="searchItemArrCode" open="(" close=")" conjunction=",">
	                          #searchItemArrCode[]#
	                      </iterate>
	                    </isEmpty>
	                    and b.dsp_dt between #searchFromDate#||'0000' and #searchToDate#||'2359'
	                    and b.status_cd = '0'
	                    and b.level_cd != 'X' 
	                    and b.warning_cd in ('B','C','D','E')
	                join data_h c
	                on b.tms_cd = c.tms_cd
	                    and b.item_cd = c.item_cd
	                    and b.msr_dt = c.dsp_dt
	                    and c.status_cd = '0' and c.level_cd != 'X' 
	                    and b.warning_cd != c.warning_cd
	                where 1=1
	                    <isNotEmpty property="searchTmsCode">AND a.tms_cd = #searchTmsCode#</isNotEmpty>
	                    and a.use_yn = 'Y'
	                order by dsp_dt desc, tms_cd    
	            ) T1
	            LEFT JOIN item_info it ON it.item_cd = T1.item_cd
	            order by warning_dt DESC, tms_cd
	        ) T2
        ) T3
        WHERE
            1=1
            <isNotEmpty property="startPage">AND RNUM BETWEEN #startPage# AND #endPage#</isNotEmpty>
    </select>
    
    <!-- 대기 주의보경보 : 시군별 주의보경보 내역 수 -->
    <select id="getCitiesWarningDataCnt" parameterClass="hmap" resultClass="hmap">
        select COUNT(region_cd) AS cnt
        from tms_info a
        join data_h b
        on a.tms_cd = b.tms_cd 
            <isNotEmpty property="searchItemCode">AND b.item_cd = #searchItemCode#</isNotEmpty>
            <isEmpty property="searchItemCode">
              AND b.item_cd IN
              <iterate property="searchItemArrCode" open="(" close=")" conjunction=",">
                  #searchItemArrCode[]#
              </iterate>
            </isEmpty>
            and b.dsp_dt between #searchFromDate#||'0000' and #searchToDate#||'2359'
            and b.status_cd = '0'
            and b.level_cd != 'X' 
            and b.warning_cd in ('B','C','D','E')
        join data_h c
        on b.tms_cd = c.tms_cd
            and b.item_cd = c.item_cd
            and b.msr_dt = c.dsp_dt
            and c.status_cd = '0' and c.level_cd != 'X' 
            and b.warning_cd != c.warning_cd
        where 1=1
            <isNotEmpty property="searchTmsCode">AND a.tms_cd = #searchTmsCode#</isNotEmpty>
            and a.use_yn = 'Y'
    </select>
    
    
    <!-- 대기 주의보경보 : 시군별 주의보경보 내역 : 연도별 발령현황 -->
    <select id="getCitiesWarningYearData" parameterClass="hmap" resultClass="hmap">
        SELECT
            region_cd,
            region_nm,
            tms_nm,
            fn_getitemnm(item_cd) item_nm,
            warning_nm,
            warning_dt,
            SUBSTR(reset_dt, instr(reset_dt, '|', 1, 1) + 1) reset_dt
        FROM (
            SELECT
                ti.region_cd
                , fn_getCodeNM('REGION_CD', ti.region_cd) region_nm
                , dh.tms_cd
                , fn_getTmsNM(dh.tms_cd) tms_nm
                , item_cd
                , msr_vl
                , dh.warning_cd
                , fn_getCodeNM('WARNING_CD', dh.warning_cd) warning_nm
                , fn_getDateFormat(fn_getDspDT(dh.dsp_dt)) warning_dt
                , dh.dsp_dt
                , (
                    SELECT x.warning_cd||'|'||fn_getDateFormat(fn_getDspDT(x.dsp_dt)) reset_dt
                    FROM (
                        SELECT x.dsp_dt, x.warning_cd, rownum rn
                        FROM data_h x
                        WHERE
                            x.tms_cd = dh.tms_cd
                            AND x.status_cd = '0'
                            AND x.level_cd != 'X'
                            AND x.dsp_dt > dh.dsp_dt
                            AND x.item_cd = dh.item_cd 
                            AND x.warning_cd in ('A', 'B', 'C', 'D')
                    ) x
                    WHERE rn = 1  
                ) reset_dt
            FROM data_h dh
            JOIN tms_info ti
                ON dh.tms_cd = ti.tms_cd
            WHERE 1 = 1
              AND dh.dsp_dt between #searchYear#||'01010000' and #searchYear#||'12312359'
              AND dh.status_cd = '0'
              AND dh.level_cd != 'X'
              AND dh.warning_cd in ('B','C','D','E')
              AND dh.item_cd = #searchItemCode#
          ORDER BY
            dh.tms_cd, dh.reg_dt DESC
        ) T1
    </select>
    
    
    <!-- 대기 주의보경보 : 시군별 주의보경보 내역 : 지역별 발령현황 차트-->
    <select id="getCitiesWarningRegChartData" parameterClass="hmap" resultClass="hmap" remapResults="true">
        SELECT
            years,
            COUNT(CASE WHEN warning_cd IN ('B', 'C') THEN 1 END) AS BVAL,
            COUNT(CASE WHEN warning_cd IN ('D', 'E') THEN 1 END) AS DVAL
        FROM (
            SELECT *
            FROM (
                SELECT
                    TO_CHAR(SYSDATE, 'YYYY') - level + 1 AS years
                FROM
                    dual
                CONNECT BY
                    level &lt;= ( ( SYSDATE(sysdate, 'YYYY') + 1 ) - to_char(add_months(sysdate,(- 12 * 5)), 'YYYY') )
            ) dt
            LEFT JOIN (
                SELECT
                    dh.warning_cd
                    , fn_getCodeNM('WARNING_CD', dh.warning_cd) warning_nm
                    , SUBSTR(fn_getDateFormat(fn_getDspDT(dh.dsp_dt)), 1, 4) warning_dt
                FROM data_h dh
                JOIN tms_info ti
                    ON dh.tms_cd = ti.tms_cd
                WHERE 1 = 1
                    AND dh.dsp_dt between TO_CHAR(ADD_MONTHS(SYSDATE,(-12 * 5)),'YYYY')||'01010000' and TO_CHAR(SYSDATE, 'YYYY')||'12312359'
                    AND dh.status_cd = '0'
                    AND dh.level_cd != 'X'
                    AND dh.warning_cd in ('B','C','D','E')
                    AND dh.item_cd = #searchItemCode#
                    <isNotEmpty property="searchRegionCode">AND ti.region_cd = #searchRegionCode#</isNotEmpty>
            ) T1 ON dt.years = T1.warning_dt
        )T2
        GROUP BY years
        ORDER BY years
    </select>
    
    <!-- 대기 주의보경보 : 시군별 주의보경보 내역 : 지역별 발령현황 표-->
    <select id="getCitiesWarningRegTableData" parameterClass="hmap" resultClass="hmap" remapResults="true">
        WITH W_BASE AS (
            SELECT * FROM 
            (
                SELECT TO_CHAR(SYSDATE, 'YYYY')-LEVEL+1 AS years
                FROM DUAL
                CONNECT BY LEVEL &lt;= ((TO_CHAR(SYSDATE, 'YYYY')+1)-TO_CHAR(ADD_MONTHS(SYSDATE,(-12 * 5)),'YYYY'))
            ) 
            CROSS JOIN (
                select code_id, code_nm from code_info WHERE parent_id = 'REGION_CD' AND use_yn = 'Y'
            )
        )
        
        SELECT * FROM (
        SELECT
            years
            ,code_id
            ,warning_nm
            ,COUNT(warning_nm) AS CNT
        FROM W_BASE
        LEFT JOIN (
            SELECT
                ti.region_cd
                ,dh.warning_cd
                , fn_getCodeNM('WARNING_CD', dh.warning_cd) warning_nm
                , SUBSTR(fn_getDateFormat(fn_getDspDT(dh.dsp_dt)), 1, 4) warning_dt
            FROM data_h dh
            JOIN tms_info ti
                ON dh.tms_cd = ti.tms_cd
            WHERE 1 = 1
                AND dh.dsp_dt between TO_CHAR(ADD_MONTHS(SYSDATE,(-12 * 5)),'YYYY')||'01010000' and TO_CHAR(SYSDATE, 'YYYY')||'12312359'
                AND dh.status_cd = '0'
                AND dh.level_cd != 'X'
                AND dh.warning_cd in ('B','C','D','E')
                <isNotEmpty property="searchItemCode">AND dh.item_cd = #searchItemCode#</isNotEmpty>
        ) T1 ON years = warning_dt and code_id = region_cd
        GROUP BY
            years
            ,code_nm
            ,code_id
            ,warning_nm
        )
        PIVOT (
            MAX(cnt) FOR code_id IN
            <iterate property="regionList" open="(" close=")" conjunction=","> $regionList[].REGION_CD$ AS R$regionList[].REGION_CD$</iterate> 
        )
        ORDER BY years DESC
    </select>
    
    
    <!-- 통계정보 : 최종확정 측정자료 : 측정소별-->
    <select id="getStatisStationListData" parameterClass="hmap" resultClass="hmap">
        <!-- SELECT
            TO_CHAR(TO_DATE(dt.dsp_dt, 'YYYYMMDD'), 'YY-MM-DD') AS dsp_dt,
            MAX(CASE WHEN da.item_cd = 'PMb' THEN da.msr_avg END) AS pmb_msr_vl,
            MAX(CASE WHEN da.item_cd = 'PM2' THEN da.msr_avg END) AS pm2_msr_vl,
            MAX(CASE WHEN da.item_cd = 'O3b' THEN da.msr_avg END) AS O3b_msr_vl,
            MAX(CASE WHEN da.item_cd = 'NO2' THEN da.msr_avg END) AS no2_msr_vl,
            MAX(CASE WHEN da.item_cd = 'COb' THEN da.msr_avg END) AS cob_msr_vl,
            MAX(CASE WHEN da.item_cd = 'SO2' THEN da.msr_avg END) AS so2_msr_vl
        FROM
            (
                SELECT TO_CHAR(TO_DATE(#searchMonthDate# || '01', 'yyyymmdd') + (LEVEL-1), 'yyyymmdd') AS dsp_dt
                FROM DUAL
                CONNECT BY LEVEL &lt;= (TO_DATE(#searchMonthDate# || to_char(last_day(to_date(#searchMonthDate#, 'yyyymm')), 'dd'), 'yyyymmdd') - TO_DATE(#searchMonthDate# || '01', 'yyyymmdd')) + 1
            ) dt
            LEFT JOIN CONFIRM_DATE da
                ON da.msr_dd = dt.dsp_dt
                AND da.tms_cd = #searchTmsCode#
                AND da.item_cd IN ('PMb', 'PM2', 'O3b', 'NO2', 'COb', 'SO2')
        GROUP BY dt.dsp_dt
        ORDER BY dt.dsp_dt -->
        
		SELECT
            to_char(to_date(dt.std_dt, 'yyyymmddhh24mi'), 'yyyy-mm-dd hh24') dsp_dt, df.pmb pmb_msr_vl, pm2 pm2_msr_vl, O3b O3b_msr_vl, no2 no2_msr_vl, cob cob_msr_vl, so2 so2_msr_vl
        FROM (
        	SELECT TO_CHAR(TO_DATE(#searchMonthDate# || '01', 'yyyymmddhh24mi') + (LEVEL-1)/24, 'yyyymmddhh24mi') AS std_dt FROM DUAL
            CONNECT BY LEVEL &lt;= (TO_DATE(#searchMonthDate# || to_char(last_day(to_date(#searchMonthDate#, 'yyyymm')), 'dd'), 'yyyymmdd') - TO_DATE(#searchMonthDate# || '01', 'yyyymmdd'))*24+24
		) dt
        LEFT JOIN data_final df
        	ON df.use_yn = 'Y' AND df.msr_dt = dt.std_dt AND df.tms_nm = fn_GetTmsNM(#searchTmsCode#) 
		ORDER BY dt.std_dt
    </select>
    
    
    <!-- 통계정보 : 최종확정 측정자료 : 항목별-->
    <select id="getStatisItemListData" parameterClass="hmap" resultClass="hmap" remapResults="true">
        <!-- select * from (
            select 
                TO_CHAR(TO_DATE(a.dsp_day, 'YYYYMMDD'), 'YYYY-MM-DD') AS  dsp_day
                , tms_cd
                , avg_msr
            from (
                SELECT
                    TO_CHAR(TO_DATE(#searchFromDate#, 'yyyymmdd') + (LEVEL-1), 'yyyymmdd') AS dsp_day
                FROM DUAL
                CONNECT BY LEVEL &lt;= (TO_DATE(#searchToDate#, 'yyyymmdd') - TO_DATE(#searchFromDate#, 'yyyymmdd')) + 1
            ) a
            left join (
                select
                    tms_cd
                    , msr_dd AS dsp_day
                    , avg_msr
                from (
                    select
                        a.tms_cd
                        , b.item_cd
                        , msr_dd
                        , b.msr_avg+0 avg_msr
                    from tms_info a
                    join CONFIRM_DATE b
                        on a.tms_cd = b.tms_cd 
                        and b.item_cd = #searchItemCode#
                        and b.msr_dd between #searchFromDate# AND #searchToDate#
                    where
                        a.use_yn = 'Y'
                        <isEqual property="searchNetCode" compareValue="A">AND a.net_cd IN ('A', 'B', 'D')</isEqual>
                        <isEqual property="searchNetCode" compareValue="B">AND a.net_cd = 'C'</isEqual>
                )
            ) b
            on a.dsp_day = b.dsp_day
        order by dsp_day
        )
        pivot (
            sum(avg_msr) for tms_cd in
            <iterate property="searchMultiTmsCode" open="(" close=")" conjunction=",">$searchMultiTmsCode[]$ AS R$searchMultiTmsCode[]$</iterate>
        )
        order by dsp_day -->
	    SELECT * FROM (
	        SELECT
	            to_char(to_date(dt.std_dt, 'yyyymmddhh24mi'), 'yyyy-mm-dd hh24') dsp_day, tms_cd, 
	            CASE WHEN 'PMb' = #searchItemCode# then pmb 
	            	WHEN 'PM2' = #searchItemCode# then pm2
	            	WHEN 'O3b' = #searchItemCode# then o3b
	            	WHEN 'NO2' = #searchItemCode# then no2
	            	WHEN 'SO2' = #searchItemCode# then so2
	            	WHEN 'COb' = #searchItemCode# then cob
	                ELSE '-'
	            END avg_msr
	        FROM (
	            SELECT TO_CHAR(TO_DATE(#searchMonthDate# || '01', 'yyyymmddhh24mi') + (LEVEL-1)/24, 'yyyymmddhh24mi') AS std_dt FROM DUAL
	            CONNECT BY LEVEL &lt;= (TO_DATE(#searchMonthDate# || to_char(last_day(to_date(#searchMonthDate#, 'yyyymm')), 'dd'), 'yyyymmdd') - TO_DATE(#searchMonthDate# || '01', 'yyyymmdd'))*24+24
	        ) dt
	        LEFT JOIN (
	            select df.*, ti.tms_cd 
	            from data_final df
	            join tms_info ti
	            on ti.tms_nm = df.tms_nm and ti.net_cd = 'C' 
	            where df.use_yn = 'Y' and df.msr_dt like (#searchMonthDate# || '%') 
	        ) df
	        ON df.msr_dt = dt.std_dt
	        ORDER BY dt.std_dt
	    )
	    PIVOT (
	        <!-- sum(avg_msr) for tms_cd in <iterate property="searchMultiTmsCode" open="(" close=")" conjunction=",">$searchMultiTmsCode[]$ AS R$searchMultiTmsCode[]$</iterate> -->
	        sum(avg_msr) for tms_cd in <iterate property="searchMultiTmsCode" open="('" close="')" conjunction="','">$searchMultiTmsCode[]$</iterate>
	    )
	    ORDER BY dsp_day        
    </select>
    
    <!-- 통계정보 : 최종확정 측정자료 : 항목차트-->
    <select id="getStatisItemChartData" parameterClass="hmap" resultClass="hmap" remapResults="true">
        SELECT
            msr_dd,
            pmb_msr_avg,
            pm2_msr_avg,
            o3b_msr_avg,
            no2_msr_avg,
            cob_msr_avg,
            so2_msr_avg,
            (SELECT L_VL FROM level_info WHERE level_type = 'BASE' AND use_yn = 'Y' AND ITEM_CD = 'PMb') AS pmb_lvl_vl,
            (SELECT L_VL FROM level_info WHERE level_type = 'BASE' AND use_yn = 'Y' AND ITEM_CD = 'PM2') AS pm2_lvl_vl,
            (SELECT L_VL FROM level_info WHERE level_type = 'BASE' AND use_yn = 'Y' AND ITEM_CD = 'O3b') AS o3b_lvl_vl,
            (SELECT L_VL FROM level_info WHERE level_type = 'BASE' AND use_yn = 'Y' AND ITEM_CD = 'NO2') AS no2_lvl_vl,
            (SELECT L_VL FROM level_info WHERE level_type = 'BASE' AND use_yn = 'Y' AND ITEM_CD = 'COb') AS cob_lvl_vl,
            (SELECT L_VL FROM level_info WHERE level_type = 'BASE' AND use_yn = 'Y' AND ITEM_CD = 'SO2') AS so2_lvl_vl
        FROM
            (
                SELECT
                    to_char(to_date(dt.msr_dd, 'YYYYMMDDHH24MI'), 'YY-MM-DD') AS msr_dd,
                    ROUND(AVG(CASE WHEN dh.item_cd = 'PMb' THEN dh.msr_avg END), 0) AS pmb_msr_avg,
                    ROUND(AVG(CASE WHEN dh.item_cd = 'PM2' THEN dh.msr_avg END), 0) AS pm2_msr_avg,
                    ROUND(AVG(CASE WHEN dh.item_cd = 'O3b' THEN dh.msr_avg END), 3) AS o3b_msr_avg,
                    ROUND(AVG(CASE WHEN dh.item_cd = 'NO2' THEN dh.msr_avg END), 3) AS no2_msr_avg,
                    ROUND(AVG(CASE WHEN dh.item_cd = 'COb' THEN dh.msr_avg END ), 1) AS cob_msr_avg,
                    ROUND(AVG(CASE WHEN dh.item_cd = 'SO2' THEN dh.msr_avg END ), 3) AS so2_msr_avg
                FROM
                    (
                        select to_char(to_date(#searchMonthDate# || '01', 'yyyymmdd') + (rownum-1), 'yyyymmdd') as msr_dd from dual
                        connect by rownum &lt;= to_char(last_day(to_date(#searchMonthDate#, 'yyyymm')), 'dd')
                    ) dt
                    LEFT JOIN confirm_date dh
                      ON dh.msr_dd = dt.msr_dd
                          AND dh.item_cd IN ('PMb','PM2','O3b','NO2','COb','SO2')
                          AND dh.tms_cd = #searchTmsCode#
                GROUP BY
                    dt.msr_dd
            ) t1
        ORDER BY
            msr_dd
    </select>
    
    
    <!-- 통계정보 : 최종확정 측정자료 : CAI차트-->
    <select id="getStatisCaiChartData" parameterClass="hmap" resultClass="hmap" remapResults="true">
        SELECT
            to_char(to_date(#searchMonthDate#, 'YYYYMM'), 'YYYY-MM') AS msr_dd,
            COUNT(CASE WHEN da.ai_lv = 'A' THEN 1 END) AS cai_lvl1_cnt,
            COUNT(CASE WHEN da.ai_lv = 'B' THEN 1 END) AS cai_lvl2_cnt,
            COUNT(CASE WHEN da.ai_lv = 'C' THEN 1 END) AS cai_lvl3_cnt,
            COUNT(CASE WHEN da.ai_lv = 'D' THEN 1 END) AS cai_lvl4_cnt
        FROM
            data_ai da
        WHERE
            da.dsp_dt LIKE #searchMonthDate# || '%'
            AND da.item_cd = 'CAI'
            AND da.tms_cd = #searchTmsCode#
    </select>
    
    
    <!-- 통계정보 : 대기환경 월간/연간보고서-->
    <select id="getStatisReportData" parameterClass="hmap" resultClass="hmap" remapResults="true">
        SELECT
            YYYY
            , MM
            , save_file_nm
            , org_file_nm
        FROM 
        REPORT_LIST
        WHERE
            use_yn = 'Y'
            AND RPT_TYPE = #searchType#
        ORDER BY
            YYYY, MM
    </select>
    
    
    <!-- 고객지원 : 리스트-->
    <select id="getCustomBoardListData" parameterClass="hmap" resultClass="hmap">
        SELECT
            seq,
            title,
            org_file_nm,
            is_fixed,
            is_new,
            user_nm,
            dt
        FROM (
            SELECT
                A.seq,
                A.title,
                A.org_file_nm,
                (CASE WHEN TO_CHAR(SYSDATE, 'YYYYMMDDHH24MI') >= A.S_DT AND TO_CHAR(SYSDATE, 'YYYYMMDDHH24MI') &lt;= A.E_DT THEN 'Y' ELSE 'N' END) AS IS_FIXED,
                (CASE WHEN TO_CHAR(SYSDATE-7, 'YYYYMMDDHH24MI') &lt;= A.REG_DT AND TO_CHAR(SYSDATE, 'YYYYMMDDHH24MI') >= A.REG_DT THEN 'Y' ELSE 'N' END) AS IS_NEW,
                B.USER_NM,
                TO_CHAR(A.REG_DT, 'YYYY.MM.DD') AS dt,
                A.reg_dt,
                ROWNUM AS RNUM
            FROM
                NOTICE_LIST A
                LEFT JOIN USER_INFO B ON A.REG_ID = B.USER_ID
            WHERE
                A.board_type = #boardType#
                AND A.use_yn = 'Y'
                <isNotEmpty property="searchTxt">
                    <isEqual property="searchCtgry" compareValue="title">AND title LIKE '%' || #searchTxt# || '%'</isEqual>
                    <isEqual property="searchCtgry" compareValue="cont">AND content LIKE '%' || #searchTxt# || '%'</isEqual>
                    <isEmpty property="searchCtgry" >
                        AND (title LIKE '%' || #searchTxt# || '%' OR content LIKE '%' || #searchTxt# || '%')
                    </isEmpty>
                </isNotEmpty>
        ) T1
        WHERE
            1=1
            <isNotEmpty property="startPage">AND RNUM BETWEEN #startPage# AND #endPage#</isNotEmpty>
        ORDER BY
            is_fixed DESC, reg_dt DESC
    </select>
    
    <!-- 고객지원 : 리스트 수 -->
    <select id="getCustomBoardListDataCnt" parameterClass="hmap" resultClass="hmap">
        SELECT
            COUNT(*) cnt
        FROM
            NOTICE_LIST A
            LEFT JOIN USER_INFO B ON A.REG_ID = B.USER_ID
        WHERE
            A.board_type = #boardType#
            AND A.use_yn = 'Y'
            <isNotEmpty property="searchTxt">
                <isEqual property="searchCtgry" compareValue="title">AND title LIKE '%' || #searchTxt# || '%'</isEqual>
                <isEqual property="searchCtgry" compareValue="cont">AND content LIKE '%' || #searchTxt# || '%'</isEqual>
                <isEmpty property="searchCtgry" >
                    AND (title LIKE '%' || #searchTxt# || '%' OR content LIKE '%' || #searchTxt# || '%')
                </isEmpty>
            </isNotEmpty>
    </select>
    
    <!-- 고객지원 : 상세보기-->
    <select id="getCustomBoardFormData" parameterClass="hmap" resultClass="hmap">
        SELECT
            A.seq,
            A.title,
            A.content,
            A.org_file_nm,
            A.save_file_nm,
            B.user_nm,
            TO_CHAR(A.REG_DT, 'YYYY.MM.DD') AS dt
        FROM
            NOTICE_LIST A
            LEFT JOIN USER_INFO B ON A.REG_ID = B.USER_ID
        WHERE
            A.seq = #seq#
            AND A.use_yn = 'Y'
            AND A.board_type = #boardType#
    </select>
    
    <!-- 고객지원 : 상세보기 : 이전글다음글 -->
    <select id="getCustomBoardFormPreNextData" parameterClass="hmap" resultClass="hmap">
        SELECT
            *
        FROM (
            SELECT
                LEAD(seq, 1) OVER (ORDER BY is_fixed DESC, reg_dt DESC) AS PRE_SEQ,
                LEAD(title, 1, '이전글이 없습니다.') OVER (ORDER BY is_fixed DESC, reg_dt DESC) AS PRE_TITLE,
                LAG(seq, 1) OVER (ORDER BY is_fixed DESC, reg_dt DESC) AS NEXT_SEQ,
                LAG(title, 1, '다음글이 없습니다.') OVER (ORDER BY is_fixed DESC, reg_dt DESC) AS NEXT_TITLE,
                T1.seq
            FROM (
                SELECT
                    A.seq,
                    A.title,
                    (CASE WHEN TO_CHAR(SYSDATE, 'YYYYMMDDHH24MI') >= A.S_DT AND TO_CHAR(SYSDATE, 'YYYYMMDDHH24MI') &lt;= A.E_DT THEN 'Y' ELSE 'N' END) AS IS_FIXED,
                    A.reg_dt
                FROM
                    NOTICE_LIST A
                    LEFT JOIN USER_INFO B ON A.REG_ID = B.USER_ID
                WHERE
                    A.board_type = #boardType#
                    AND A.use_yn = 'Y'
                    <isNotEmpty property="searchTxt">
                        <isEqual property="searchCtgry" compareValue="title">AND title LIKE '%' || #searchTxt# || '%'</isEqual>
                        <isEqual property="searchCtgry" compareValue="cont">AND content LIKE '%' || #searchTxt# || '%'</isEqual>
                        <isEmpty property="searchCtgry" >
                            AND (title LIKE '%' || #searchTxt# || '%' OR content LIKE '%' || #searchTxt# || '%')
                        </isEmpty>
                    </isNotEmpty>
            ) T1
            ORDER BY
                is_fixed DESC, reg_dt DESC
        ) T2
        WHERE
            T2.SEQ = #seq#
    </select>
</sqlMap>
