<?xml version="1.0" encoding="UTF-8"?>
<beans xmlns="http://www.springframework.org/schema/beans" xmlns:xsi="http://www.w3.org/2001/XMLSchema-instance"
	xmlns:jdbc="http://www.springframework.org/schema/jdbc"
	xsi:schemaLocation="http://www.springframework.org/schema/beans http://www.springframework.org/schema/beans/spring-beans-4.0.xsd
        http://www.springframework.org/schema/jdbc  http://www.springframework.org/schema/jdbc/spring-jdbc-4.0.xsd">

    <!-- oracle 개발서버(POM에서 commons-dbcp, ojdbc(라이센스 사항으로 별도로 배포되지 않음) 관련 라이브러리 설정) -->
    <bean id="dataSource" class="org.apache.commons.dbcp.BasicDataSource" destroy-method="close">
        <property name="driverClassName" value="oracle.jdbc.driver.OracleDriver"/> 
        <property name="url" value="jdbc:oracle:thin:@192.168.10.14:1521:orcl" />
        <property name="username" value="c##cni"/>
        <property name="password" value="cni!0011"/>
    </bean>
    <!-- oracle CNI 운영서버(POM에서 commons-dbcp, ojdbc(라이센스 사항으로 별도로 배포되지 않음) 관련 라이브러리 설정)
    <bean id="dataSource" class="org.apache.commons.dbcp.BasicDataSource" destroy-method="close">
        <property name="driverClassName" value="oracle.jdbc.driver.OracleDriver"/> 
        <property name="url" value="jdbc:oracle:thin:@192.168.50.5:1521:cnidb" />
        <property name="username" value="cni"/>
        <property name="password" value="cni!0011"/>
    </bean> -->
</beans>
