<?xml version="1.0" encoding="UTF-8"?>
<beans xmlns="http://www.springframework.org/schema/beans" 
		xmlns:xsi="http://www.w3.org/2001/XMLSchema-instance"
        xmlns:p="http://www.springframework.org/schema/p"
        xmlns:context="http://www.springframework.org/schema/context"
        xmlns:mvc="http://www.springframework.org/schema/mvc"
        xmlns:task="http://www.springframework.org/schema/task"
        xsi:schemaLocation="http://www.springframework.org/schema/beans http://www.springframework.org/schema/beans/spring-beans-4.0.xsd
                http://www.springframework.org/schema/context http://www.springframework.org/schema/context/spring-context-4.0.xsd
                http://www.springframework.org/schema/mvc http://www.springframework.org/schema/mvc/spring-mvc-4.0.xsd 
                http://www.springframework.org/schema/task http://www.springframework.org/schema/task/spring-task-3.1.xsd">

	<!-- 스케쥴러파일이 존재하는 패키지 설정 -->
	<context:component-scan base-package="egovframework.wms.util" />
	<!-- 해당 태그들은 크론탭을 설정에 필요한 태그들 -->
	<task:scheduler id="jobScheduler" pool-size="10" />
	<task:annotation-driven scheduler="jobScheduler" />
	
	
    <context:component-scan base-package="egovframework">
        <context:include-filter type="annotation" expression="org.springframework.stereotype.Controller"/>
        <context:exclude-filter type="annotation" expression="org.springframework.stereotype.Service"/>
        <context:exclude-filter type="annotation" expression="org.springframework.stereotype.Repository"/>
    </context:component-scan>

    <bean class="org.springframework.web.servlet.mvc.method.annotation.RequestMappingHandlerAdapter">
        <property name="webBindingInitializer">
            <bean class="egovframework.dooill.cmmn.web.EgovBindingInitializer"/>
        </property>
    </bean>
    <bean class="org.springframework.web.servlet.mvc.method.annotation.RequestMappingHandlerMapping">
        <property name="interceptors">
            <list>
                <!-- <ref bean="localeChangeInterceptor" /> -->
                <ref bean="sessionCheckInterceptor" />
            </list>
        </property>
    </bean>

    <bean id="localeResolver" class="org.springframework.web.servlet.i18n.SessionLocaleResolver" />
    <!-- 쿠키를 이용한 Locale 이용시 <bean id="localeResolver" class="org.springframework.web.servlet.i18n.CookieLocaleResolver"/> -->
    <!-- <bean id="localeChangeInterceptor" class="org.springframework.web.servlet.i18n.LocaleChangeInterceptor">
        <property name="paramName" value="language" />
    </bean> -->
    <bean id="sessionCheckInterceptor" class="egovframework.dooill.util.SessionCheckInterceptor" />
	<!-- 프로퍼티파일 불러오기 (다빈치) -->
    <bean class="org.springframework.beans.factory.config.PropertyPlaceholderConfigurer">
        <property name="location" value="/WEB-INF/system.properties"/>
        <property name="fileEncoding" value="UTF-8" />
    </bean>
    
    <bean class="org.springframework.web.servlet.handler.SimpleMappingExceptionResolver">
        <property name="defaultErrorView" value="cmmn/egovError"/>
        <property name="exceptionMappings">
            <props>
                <prop key="org.springframework.dao.DataAccessException">cmmn/dataAccessFailure</prop>
                <prop key="org.springframework.transaction.TransactionException">cmmn/transactionFailure</prop>
                <prop key="egovframework.rte.fdl.cmmn.exception.EgovBizException">cmmn/egovError</prop>
                <prop key="org.springframework.security.AccessDeniedException">cmmn/egovError</prop>
            </props>
        </property>
    </bean>

    <!-- For Pagination Tag -->
    <bean id="imageRenderer" class="egovframework.dooill.cmmn.web.EgovImgPaginationRenderer"/>

    <bean id="paginationManager" class="egovframework.rte.ptl.mvc.tags.ui.pagination.DefaultPaginationManager">
        <property name="rendererType">
            <map>
                <entry key="image" value-ref="imageRenderer"/>
            </map>
        </property>
    </bean>
	<!-- /For Pagination Tag -->

    <mvc:view-controller path="/cmmn/validator.do" view-name="egovframework/dooill/cmmn/validator"/>

    
    
    <!-- <bean class="org.springframework.web.servlet.view.UrlBasedViewResolver" p:order="1"
	    p:viewClass="org.springframework.web.servlet.view.JstlView"
	    p:prefix="/WEB-INF/jsp/egovframework/dooill/" p:suffix=".jsp"/> -->
    
    <bean id="contentNegotiationManager"  class="org.springframework.web.accept.ContentNegotiationManagerFactoryBean">
        <property name="favorPathExtension" value="true" />
        <property name="ignoreAcceptHeader" value="true"/>
        <property name="useJaf" value="false"/>
        <property name="defaultContentType" value="text/html" />
        <property name="mediaTypes">
			<map>
            	<entry key="html" value="text/html"/>
                <entry key="ax" value="application/json"/>
			</map>
        </property>
    </bean>
    
    <bean class="org.springframework.web.servlet.view.ContentNegotiatingViewResolver">
        <property name="contentNegotiationManager" ref="contentNegotiationManager"/>
        <property name="viewResolvers">
            <list>
                <bean class="org.springframework.web.servlet.view.BeanNameViewResolver" p:order="0"/>
                <bean id="viewResolver"
                      class="org.springframework.web.servlet.view.InternalResourceViewResolver"
                      p:viewClass="org.springframework.web.servlet.view.JstlView"
                      p:prefix="/WEB-INF/jsp/"
                      p:suffix=".jsp"
                      p:cacheUnresolved="false"
                      p:exposedContextBeanNames="webProperties"
                      p:order="1" />
            </list>
        </property>
        <property name="defaultViews">
            <list>
                <bean class="org.springframework.web.servlet.view.json.MappingJackson2JsonView"/>
                <bean class="egovframework.dooill.cmmn.web.DownloadView" />
                <bean class="egovframework.dooill.cmmn.web.ChartImageView" />
            </list>
        </property>
    </bean>
</beans>